@iambroots,Ian Heinisch
@iambroots,@ianheinischmma
@iambroots,Dōgen
@iambroots,@realdogen
@iambroots,Eric Cryptoman
@iambroots,@EricCryptoman
@iambroots,CryptoSkull ze last bull standing
@iambroots,@cryptoskullx
@iambroots,Thor | Kirito
@iambroots,@Thorshammergems
@iambroots,POΞ
@iambroots,@Poe_Ether
@iambroots,Aeon
@iambroots,@Crypto_Aeon7
@iambroots,MrO.CULT
@iambroots,@MrOmodulus
@iambroots,Cult.DAO
@iambroots,@wearecultdao
@iambroots,Crypto Matt
@iambroots,@CryptoMatt87
@iambroots,Jamma Pelson
@iambroots,@jammathehamma1
@iambroots,Elon Goat Token
@iambroots,@ElonGoatToken
@iambroots,CARNAGE | NFG
@iambroots,@CARNAGE_3000X
@iambroots,Mando
@iambroots,@TheCryptoMando
@iambroots,pallet jacker 69
@iambroots,@palletjacker69
@iambroots,𝕳𝖔𝖑𝖑𝖞 𝕳𝖊𝖆𝖗𝖙
@iambroots,@holly__heart
@iambroots,AnnaGems
@iambroots,@CryptoGirlAnna
@iambroots,thomas
@iambroots,@crypto_TomTom
@iambroots,Dominic Ryder | POD
@iambroots,@dominicVEMP
@iambroots,THE CRYPTO KNIGHT
@iambroots,@Thecultknight
@iambroots,PAW
@iambroots,@PawChain
@iambroots,Crazy Clips
@iambroots,@crazyclipsonly
@iambroots,Real Crazy Fights
@iambroots,@RealCrazyFight_
@iambroots,Oracle Cat
@iambroots,@OracleCatSol
@iambroots,Shib
@iambroots,@Shibtoken
@iambroots,IvanPicazoOfficial
@iambroots,@IamIvanPicazo
@iambroots,RagnarShib.eth
@iambroots,@RagnarShiba
@iambroots,MenaceXBT
@iambroots,@MenaceXBT
@iambroots,sarah johnston
@iambroots,@urchinray
@iambroots,Kate Rose
@iambroots,@rosebudgems_
@iambroots,Xanders Shib
@iambroots,@ShibaXanders
@iambroots,Morbid Knowledge
@iambroots,@Morbidful
@iambroots,Mental Health Foundation
@iambroots,@mentalhealth
@iambroots,Support
@iambroots,@Support
@iambroots,SuperSecretSpy
@iambroots,@cryptosecretspy
@iambroots,Mario Nawfal’s Roundtable
@iambroots,@RoundtableSpace
@iambroots,Peruvian Bull
@iambroots,@peruvian_bull
@iambroots,Monkey_Shit_Inu (MSI)
@iambroots,@Monkey_Shit_inu
@iambroots,PabloCRO
@iambroots,@Pablo_cro
@iambroots,Kai-Ken On ETH
@iambroots,@kaiken_eth
@iambroots,Davinci Jeremie
@iambroots,@Davincij15
@iambroots,Gibson
@iambroots,@gibmercs
@iambroots,MinisterOfNFTs
@iambroots,@MinisterOfNFTs
@iambroots,Erik Stevens
@iambroots,@HopiumPapi
@ianheinischmma,MOON KING B-ROOTS
@ianheinischmma,@iambroots
@ianheinischmma,JAKE
@ianheinischmma,@JakeGagain
@ianheinischmma,Dōgen
@ianheinischmma,@realdogen
@ianheinischmma,Adam Shelton (Captain)
@ianheinischmma,@AdamEShelton
@ianheinischmma,POΞ
@ianheinischmma,@Poe_Ether
@ianheinischmma,Proof Of Memes - POM
@ianheinischmma,@Proof_Of_Memes
@ianheinischmma,Elon Goat Token
@ianheinischmma,@ElonGoatToken
@ianheinischmma,JasonCryptoApe 
@ianheinischmma,@JasonCryptoFTW
@ianheinischmma,ANIME
@ianheinischmma,@ANIMEL0VER94
@ianheinischmma,kryptoChay.eth
@ianheinischmma,@kryptochay
@ianheinischmma,Bleeves Crypto
@ianheinischmma,@BleevesCrypto
@ianheinischmma,Volted Dragons Sailors Club
@ianheinischmma,@VDSC_Official
@ianheinischmma,CARNAGE | NFG
@ianheinischmma,@CARNAGE_3000X
@Saitamaguru1,SaitaChain
@Saitamaguru1,@SaitaChainCoin
@Saitamaguru1,Mkay SaitaChain
@Saitamaguru1,@mannythehitman
@Saitamaguru1,ElonMansur
@Saitamaguru1,@ElonMansur_STC
@Saitamaguru1,GABE KLEIN
@Saitamaguru1,@kleingabriel
@Saitamaguru1,SaitaSwap
@Saitamaguru1,@Saita_Swap
@Saitamaguru1,Nam Tran
@Saitamaguru1,@Ntran1234
@Saitamaguru1,AJ
@Saitamaguru1,@ajcartel_17
@Saitamaguru1,Saitama Kingdom
@Saitamaguru1,@SaitamaKingdom_
@Saitamaguru1,Mrs. Saitama / Mrs. SaitaChain
@Saitamaguru1,@MrsSaitama
@Saitamaguru1,kobe
@Saitamaguru1,@NeoRivera2
@Saitamaguru1,#VZZN CORPORATION #VZZNTOKEN
@Saitamaguru1,@VZZNBUILDER1
@Saitamaguru1,CryptoGabriel
@Saitamaguru1,@cryptogabri3l
@Saitamaguru1,Shaka Tha God
@Saitamaguru1,@ShakaThaGod
@mannythehitman,SaitaChain
@mannythehitman,@SaitaChainCoin
@mannythehitman,ElonMansur
@mannythehitman,@ElonMansur_STC
@mannythehitman,Dubai SaitaChain
@mannythehitman,@SaitaChainDubai
@mannythehitman,GABE KLEIN
@mannythehitman,@kleingabriel
@mannythehitman,SaitaSwap
@mannythehitman,@Saita_Swap
@mannythehitman,Nam Tran
@mannythehitman,@Ntran1234
@mannythehitman,AJ
@mannythehitman,@ajcartel_17
@mannythehitman,Mrs. Saitama / Mrs. SaitaChain
@mannythehitman,@MrsSaitama
@mannythehitman,kobe
@mannythehitman,@NeoRivera2
@mannythehitman,CryptoGabriel
@mannythehitman,@cryptogabri3l
@mannythehitman,HTN
@mannythehitman,@CryptoServidora
@mannythehitman,#VZZN CORPORATION #VZZNTOKEN
@mannythehitman,@VZZNBUILDER1
@mannythehitman,Trill
@mannythehitman,@RWOTrilly
@mannythehitman,Crypto Alert
@mannythehitman,@cryptoal3rt
@mannythehitman,Darren
@mannythehitman,@english_foolery
@mannythehitman,Epay.me
@mannythehitman,@Epayme_uae
@mannythehitman,Henok
@mannythehitman,@henokcrypto
@mannythehitman,CryptoDamon
@mannythehitman,@CryptoDamon_
@mannythehitman,Chewy The Comeback Story. Finding my $ikigai
@mannythehitman,@chewyhwy211
@mannythehitman,~ Spiggy ~
@mannythehitman,@Spigg1115
@mannythehitman,rektober
@mannythehitman,@rektober
@mannythehitman,Third World War Info
@mannythehitman,@WW3Info
@mannythehitman,ZAINABZEHRA
@mannythehitman,@ZAINABALI_72
@mannythehitman,Justice for WazirX Users
@mannythehitman,@IndiasCrypto
@mannythehitman,Neel (Crypto Jargon)
@mannythehitman,@Crypto_Jargon
@mannythehitman,juju
@mannythehitman,@ayeejuju
@mannythehitman,Duo Nine YCC
@mannythehitman,@DU09BTC
@AdamEShelton,Ian Heinisch
@AdamEShelton,@ianheinischmma
@AdamEShelton,Rodney
@AdamEShelton,@cryptojourneyrs
@AdamEShelton,Zach Humphries
@AdamEShelton,@Z_Humphries
@AdamEShelton,Henok
@AdamEShelton,@henokcrypto
@AdamEShelton,Bleeves Crypto
@AdamEShelton,@BleevesCrypto
@AdamEShelton,Phaltron The Mastermind
@AdamEShelton,@phaltron
@AdamEShelton,Fox Crypto
@AdamEShelton,@itsFoxCrypto
@AdamEShelton,Elon Musk (Parody)
@AdamEShelton,@ElonMuskPDA
@AdamEShelton,Voltedranger
@AdamEShelton,@voltedranger
@AdamEShelton,AuzSOME Austin
@AdamEShelton,@AuzsomeAustin
@AdamEShelton,kryptoChay.eth
@AdamEShelton,@kryptochay
@AdamEShelton,Volted Dragons Sailors Club
@AdamEShelton,@VDSC_Official
@AdamEShelton,Austin Hilton
@AdamEShelton,@austinahilton
@AdamEShelton,December DeMarco
@AdamEShelton,@DecemberDeMarco
@AdamEShelton,Cinthia Tamayo
@AdamEShelton,@cryptolatina111
@AdamEShelton,Garo
@AdamEShelton,@RealCryptorich
@AdamEShelton,Dj Legendz
@AdamEShelton,@djlegendz
@AdamEShelton,MediChainX
@AdamEShelton,@MediChainX
@AdamEShelton,Dr. Hodl
@AdamEShelton,@NikolaBench
@AdamEShelton,Gain Bangers.VOLT
@AdamEShelton,@Young_Light317
@AdamEShelton,HEARTLENT Group
@AdamEShelton,@HeartlentGroup
@AdamEShelton,Vedoo
@AdamEShelton,@VedooApp
@AdamEShelton,Heduardo85 A.K.A. JWSUCCEED
@AdamEShelton,@JWSucceed
@AdamEShelton,200 KG
@AdamEShelton,@GarnhamKarl
@AdamEShelton,Joyboy
@AdamEShelton,@Johnnie_Krypto
@AdamEShelton,SnowPygmy
@AdamEShelton,@SnowPygmy
@AdamEShelton,Crypto4Harris
@AdamEShelton,@Crypto4Harris
@AdamEShelton,RayRay
@AdamEShelton,@Rayisthatguy
@AdamEShelton,SunWukongCTO
@AdamEShelton,@SunWukongOG
@AdamEShelton,Doge
@AdamEShelton,@DeptOfDoge
@AdamEShelton,Unreal AI
@AdamEShelton,@TheUnrealAI
@AdamEShelton,H.E. Justin Sun 孙宇晨(hiring)
@AdamEShelton,@justinsuntron
@AdamEShelton,Smoking Eagle Dog CTO
@AdamEShelton,@SmokingEagleDog
@AdamEShelton,Crypto Verse
@AdamEShelton,@CryptoVerse_Co
@AdamEShelton,TOPCAT
@AdamEShelton,@TOPCATONX
@AdamEShelton,Crypto Talkz
@AdamEShelton,@CryptoTalkzInfo
@AdamEShelton,BABY Giveaways
@AdamEShelton,@Babyproms
@AdamEShelton,FOGNET
@AdamEShelton,@FOGNET2024
@AdamEShelton,Nicolas
@AdamEShelton,@Nicolas_0628
@AdamEShelton,IDCrypto official
@AdamEShelton,@idcryp_to
@AdamEShelton,Crypto Clash
@AdamEShelton,@CryptoClash1
@AdamEShelton,Unknown
@AdamEShelton,@0xplayer2
@AdamEShelton,Kinan
@AdamEShelton,@kinantyong
@AdamEShelton,ElonMoons
@AdamEShelton,@ElonMoons_
@AdamEShelton,Very Demure Solana
@AdamEShelton,@verydemuresol
@AdamEShelton,Polite Cat
@AdamEShelton,@SolPocat
@AdamEShelton,Nish
@AdamEShelton,@airfishsol
@AdamEShelton,GMEonSol
@AdamEShelton,@gmecoinsol
@AdamEShelton,Gluon
@AdamEShelton,@Gluondex
@AdamEShelton,Baby Eagle
@AdamEShelton,@BabyEagle_NFT
@AdamEShelton,Panda Armies
@AdamEShelton,@panda_armies
@AdamEShelton,Beagle
@AdamEShelton,@BnBeagle
@AdamEShelton,FighterCat
@AdamEShelton,@FighterCatToken
@AdamEShelton,Amanda Nazaret Mills
@AdamEShelton,@Amandamillsnz
@AdamEShelton,Babble AI
@AdamEShelton,@Babble_AI
@AdamEShelton,Pavel Durov
@AdamEShelton,@durov
@AdamEShelton,Solus Group
@AdamEShelton,@solus_group
@AdamEShelton,Naz Ventura
@AdamEShelton,@naz_ventura
@AdamEShelton,Goodwin
@AdamEShelton,@Goodwi_
@AdamEShelton,Steve Green
@AdamEShelton,@SteveGr65272725
@AdamEShelton,Crypto ROB
@AdamEShelton,@RobertT14297102
@AdamEShelton,Jujuan
@AdamEShelton,@Jujuan7777
@AdamEShelton,DogBone80
@AdamEShelton,@dogbone80
@ElonMansur_STC,Russell Armand
@ElonMansur_STC,@Saitamaguru1
@ElonMansur_STC,Mkay SaitaChain
@ElonMansur_STC,@mannythehitman
@ElonMansur_STC,SaitaChain
@ElonMansur_STC,@SaitaChainCoin
@ElonMansur_STC,Dubai SaitaChain
@ElonMansur_STC,@SaitaChainDubai
@ElonMansur_STC,GABE KLEIN
@ElonMansur_STC,@kleingabriel
@ElonMansur_STC,Nam Tran
@ElonMansur_STC,@Ntran1234
@ElonMansur_STC,SaitaSwap
@ElonMansur_STC,@Saita_Swap
@ElonMansur_STC,AJ
@ElonMansur_STC,@ajcartel_17
@ElonMansur_STC,Saitama Kingdom
@ElonMansur_STC,@SaitamaKingdom_
@ElonMansur_STC,Mrs. Saitama / Mrs. SaitaChain
@ElonMansur_STC,@MrsSaitama
@ElonMansur_STC,CryptoGabriel
@ElonMansur_STC,@cryptogabri3l
@ElonMansur_STC,kobe
@ElonMansur_STC,@NeoRivera2
@ElonMansur_STC,#VZZN CORPORATION #VZZNTOKEN
@ElonMansur_STC,@VZZNBUILDER1
@ElonMansur_STC,HTN
@ElonMansur_STC,@CryptoServidora
@ElonMansur_STC,Shaka Tha God
@ElonMansur_STC,@ShakaThaGod
@ElonMansur_STC,Crypto Alert
@ElonMansur_STC,@cryptoal3rt
@ElonMansur_STC,Deb
@ElonMansur_STC,@LifebyDeb
@ElonMansur_STC,Darren
@ElonMansur_STC,@english_foolery
@ElonMansur_STC,Epay.me
@ElonMansur_STC,@Epayme_uae
@ElonMansur_STC,Karnn Bhandarii
@ElonMansur_STC,@karanbhandari10
@ElonMansur_STC,BitBoy
@ElonMansur_STC,@BenArmstrongsX
@ElonMansur_STC,BIG HUTCH
@ElonMansur_STC,@bighutcheth
@ElonMansur_STC,Lord Kek
@ElonMansur_STC,@LordkekLoL
@ElonMansur_STC,SNEAKO
@ElonMansur_STC,@sneako
@ElonMansur_STC,Bajram Begaj
@ElonMansur_STC,@BajramBegajAL
@ElonMansur_STC,Trinidad and Tobago Government Communications
@ElonMansur_STC,@ttgovcomms
@ElonMansur_STC,Threema
@ElonMansur_STC,@ThreemaApp
@ElonMansur_STC,David Gokhshtein
@ElonMansur_STC,@davidgokhshtein
@ElonMansur_STC,Fereshteh Forough
@ElonMansur_STC,@f_forough
@ElonMansur_STC,HesabPay
@ElonMansur_STC,@HesabPay_
@ElonMansur_STC,Bleeves Crypto
@ElonMansur_STC,@BleevesCrypto
@ElonMansur_STC,André Twate
@ElonMansur_STC,@AndreTwate
@ElonMansur_STC,HiveToken
@ElonMansur_STC,@TheHiveToken
@ElonMansur_STC,PriceDictionary
@ElonMansur_STC,@PriceDictionary
@ElonMansur_STC,jimmyhuang
@ElonMansur_STC,@jimmyhuang168
@ElonMansur_STC,Nawlins SaitaChain
@ElonMansur_STC,@Nawlins_STC
@ElonMansur_STC,Jo Anne
@ElonMansur_STC,@queendanne21
@ElonMansur_STC,Saita Rewards Token
@ElonMansur_STC,@SaitaRewards
@ElonMansur_STC,Mr. BIG WHALE
@ElonMansur_STC,@MrBigWhaleREAL
@ElonMansur_STC,Dr. iPhone
@ElonMansur_STC,@Dr_iPh0ne
@ElonMansur_STC,kuzn’
@ElonMansur_STC,@Kuzn11shibeco
@ElonMansur_STC,L O S _ A N G E L E S
@ElonMansur_STC,@RedDragon2028
@ElonMansur_STC,Stewart Lorenzo Kingdom
@ElonMansur_STC,@Stewartlorenzo1
@ElonMansur_STC,SaitaChain Wolf
@ElonMansur_STC,@SaitaWolverine
@ElonMansur_STC,Scott Crypto Warrior #
@ElonMansur_STC,@ScottLEOWarrior
@ElonMansur_STC,Sb
@ElonMansur_STC,@Bahadur20139203
@ElonMansur_STC,Voice of Meru™
@ElonMansur_STC,@MutumaoNkanata
@ElonMansur_STC,Red Saitachain - Saitama Kingdom
@ElonMansur_STC,@Red_Kickbox
@ElonMansur_STC,Dennis Wuiyo/STC SBC24
@ElonMansur_STC,@life00017
@ElonMansur_STC,Wolf SaitaChain
@ElonMansur_STC,@SaitaChain_STC
@ElonMansur_STC,President Dr Irfaan Ali
@ElonMansur_STC,@presidentaligy
@ElonMansur_STC,Steven Steele
@ElonMansur_STC,@MrStevenSteele
@ElonMansur_STC,IGGY AZALEA
@ElonMansur_STC,@IGGYAZALEA
@ElonMansur_STC,Donald J. Trump Posts From His Truth Social
@ElonMansur_STC,@TrumpDailyPosts
@ElonMansur_STC,S
@ElonMansur_STC,@sebastianaor
@ElonMansur_STC,raj
@ElonMansur_STC,@rajgokal
@ElonMansur_STC,Lee Williams Jr
@ElonMansur_STC,@LeeWilliamsJr3
@ElonMansur_STC,Luke Belmar
@ElonMansur_STC,@lukebelmar
@ElonMansur_STC,Caitlyn Jenner
@ElonMansur_STC,@Caitlyn_Jenner
@ElonMansur_STC,Crypto Bitlord
@ElonMansur_STC,@crypto_bitlord7
@ElonMansur_STC,$༒︎€₿URN€R KINGDOM
@ElonMansur_STC,@AdrianBuda8
@ElonMansur_STC,wolf king
@ElonMansur_STC,@kingSaitachain
@ElonMansur_STC,Hazeleyes Crypto debonair!
@ElonMansur_STC,@lovelyeyes321
@ElonMansur_STC,Phaltron The Mastermind
@ElonMansur_STC,@phaltron
@ElonMansur_STC,Crypto Tony
@ElonMansur_STC,@CryptoTony__
@cryptojourneyrs,JAKE
@cryptojourneyrs,@JakeGagain
@cryptojourneyrs,Volt Inu
@cryptojourneyrs,@VoltInuOfficial
@cryptojourneyrs,Adam Shelton (Captain)
@cryptojourneyrs,@AdamEShelton
@cryptojourneyrs,Deb
@cryptojourneyrs,@LifebyDeb
@cryptojourneyrs,Zach Humphries
@cryptojourneyrs,@Z_Humphries
@cryptojourneyrs,Bleeves Crypto
@cryptojourneyrs,@BleevesCrypto
@cryptojourneyrs,Henok
@cryptojourneyrs,@henokcrypto
@cryptojourneyrs,Phaltron The Mastermind
@cryptojourneyrs,@phaltron
@cryptojourneyrs,AuzSOME Austin
@cryptojourneyrs,@AuzsomeAustin
@cryptojourneyrs,Volted Dragons Sailors Club
@cryptojourneyrs,@VDSC_Official
@cryptojourneyrs,OldGuyDavid (Satire/Parody)
@cryptojourneyrs,@OldGuyDavid2022
@cryptojourneyrs,Cinthia Tamayo
@cryptojourneyrs,@cryptolatina111
@cryptojourneyrs,Dj Legendz
@cryptojourneyrs,@djlegendz
@cryptojourneyrs,ANIME
@cryptojourneyrs,@ANIMEL0VER94
@cryptojourneyrs,Scott Herman
@cryptojourneyrs,@Scott_Herman
@cryptojourneyrs,Gain Bangers.VOLT
@cryptojourneyrs,@Young_Light317
@cryptojourneyrs,MediChainX
@cryptojourneyrs,@MediChainX
@cryptojourneyrs,Cool N' Criss
@cryptojourneyrs,@CoolNCriss
@cryptojourneyrs,CryptoChick
@cryptojourneyrs,@CryptoChick06
@cryptojourneyrs,2bit Crypto
@cryptojourneyrs,@2bitcrypto_YT
@cryptojourneyrs,Booby
@cryptojourneyrs,@basedbooby
@cryptojourneyrs,Neiro On Ethereum
@cryptojourneyrs,@NeiroOnEthereum
@cryptojourneyrs,TRON DAO
@cryptojourneyrs,@trondao
@cryptojourneyrs,Brozinker
@cryptojourneyrs,@brozinkerbell
@cryptojourneyrs,TronLink
@cryptojourneyrs,@TronLinkWallet
@cryptojourneyrs,SunPump
@cryptojourneyrs,@sunpumpmeme
@cryptojourneyrs,Fofar
@cryptojourneyrs,@FofarTron
@cryptojourneyrs,$BULL
@cryptojourneyrs,@bullontron
@cryptojourneyrs,kieran.base.eth
@cryptojourneyrs,@KieranOnBase
@cryptojourneyrs,Cindy Manit
@cryptojourneyrs,@cindymanit
@cryptojourneyrs,RECORDIAN
@cryptojourneyrs,@Recordian_Music
@cryptojourneyrs,FOS
@cryptojourneyrs,@BLMG_FOS
@cryptojourneyrs,The Lawlers
@cryptojourneyrs,@TheLawlers
@cryptojourneyrs,Svn Frvncisco D.E.O.
@cryptojourneyrs,@DEO415
@cryptojourneyrs,dash
@cryptojourneyrs,@dash10000x
@cryptojourneyrs,Adrian Robison
@cryptojourneyrs,@adrianrobison
@cryptojourneyrs,basedmc.base.eth
@cryptojourneyrs,@based_minecraft
@cryptojourneyrs,JesseChrist
@cryptojourneyrs,@jessechristcoin
@cryptojourneyrs,Air
@cryptojourneyrs,@majinair
@cryptojourneyrs,hgtp://altif
@cryptojourneyrs,@altifbrown
@cryptojourneyrs,Father Pepe
@cryptojourneyrs,@BasedFatherPepe
@cryptojourneyrs,Pantheons Podcast
@cryptojourneyrs,@Pantheonspod
@cryptojourneyrs,"John Bummit, PhD."
@cryptojourneyrs,@JohnBummit
@cryptojourneyrs,juju
@cryptojourneyrs,@ayeejuju
@cryptojourneyrs,Ralph
@cryptojourneyrs,@ralphscall
@cryptojourneyrs,CrisVond
@cryptojourneyrs,@cris_vond
@cryptojourneyrs,Layefar Peterson
@cryptojourneyrs,@PETERSON_LAYEFA
@cryptojourneyrs,Crypto_Willy
@cryptojourneyrs,@Cryptochad3000
@cryptojourneyrs,Lordchirod
@cryptojourneyrs,@Lordchirod9
@cryptojourneyrs,Benji
@cryptojourneyrs,@Benji_420
@cryptojourneyrs,MikeRed
@cryptojourneyrs,@mikeredart
@cryptojourneyrs,Kabosu
@cryptojourneyrs,@Kabosutokeneth
@cryptojourneyrs,QueenB
@cryptojourneyrs,@roaringkity
@cryptojourneyrs,crying cat
@cryptojourneyrs,@savecryingcats
@cryptojourneyrs,Hater Report
@cryptojourneyrs,@HaterReport_
@Z_Humphries,JAKE
@Z_Humphries,@JakeGagain
@Z_Humphries,YourPOP
@Z_Humphries,@Yourpop8
@Z_Humphries,Adam Shelton (Captain)
@Z_Humphries,@AdamEShelton
@Z_Humphries,Rodney
@Z_Humphries,@cryptojourneyrs
@Z_Humphries,Henok
@Z_Humphries,@henokcrypto
@Z_Humphries,Deb
@Z_Humphries,@LifebyDeb
@Z_Humphries,Del Crxpto
@Z_Humphries,@DelCrxpto
@Z_Humphries,Austin Hilton
@Z_Humphries,@austinahilton
@Z_Humphries,Bleeves Crypto
@Z_Humphries,@BleevesCrypto
@Z_Humphries,$SHIB ALEXANDER
@Z_Humphries,@ShibAlexander
@Z_Humphries,𝐋𝖆𝖉𝖞 𝐂𝖗𝖞𝖕𝖙𝖔
@Z_Humphries,@ShibArmy_4Life
@Z_Humphries,DEZAXE
@Z_Humphries,@Dezaxe
@Z_Humphries,william_volk
@Z_Humphries,@william_volk
@henokcrypto,JAKE
@henokcrypto,@JakeGagain
@henokcrypto,Mkay SaitaChain
@henokcrypto,@mannythehitman
@henokcrypto,Volt Inu
@henokcrypto,@VoltInuOfficial
@henokcrypto,Rodney
@henokcrypto,@cryptojourneyrs
@henokcrypto,Adam Shelton (Captain)
@henokcrypto,@AdamEShelton
@henokcrypto,Ian Heinisch
@henokcrypto,@ianheinischmma
@henokcrypto,Zach Humphries
@henokcrypto,@Z_Humphries
@henokcrypto,YourPOP
@henokcrypto,@Yourpop8
@henokcrypto,Deb
@henokcrypto,@LifebyDeb
@henokcrypto,GABE KLEIN
@henokcrypto,@kleingabriel
@henokcrypto,Bleeves Crypto
@henokcrypto,@BleevesCrypto
@henokcrypto,Phaltron The Mastermind
@henokcrypto,@phaltron
@henokcrypto,Shaka Tha God
@henokcrypto,@ShakaThaGod
@Thorshammergems,Dōgen
@Thorshammergems,@realdogen
@Thorshammergems,chirocryptø
@Thorshammergems,@chirocrypto
@Thorshammergems,CryptoSkull ze last bull standing
@Thorshammergems,@cryptoskullx
@Thorshammergems,POΞ
@Thorshammergems,@Poe_Ether
@Thorshammergems,Cryptic_Maestro
@Thorshammergems,@Cryptic_Maestro
@Thorshammergems,Jamie Kingston
@Thorshammergems,@jamiekingston
@Thorshammergems,Aeon
@Thorshammergems,@Crypto_Aeon7
@Thorshammergems,JasonCryptoApe 
@Thorshammergems,@JasonCryptoFTW
@Thorshammergems,Crypto Matt
@Thorshammergems,@CryptoMatt87
@Thorshammergems,Gems of Ra
@Thorshammergems,@GemsofRa
@Thorshammergems,Ben Buckwalter
@Thorshammergems,@BenBuckwalter
@Thorshammergems,Trader Roshi
@Thorshammergems,@AltMasterRoshi
@Thorshammergems,ANIME
@Thorshammergems,@ANIMEL0VER94
@kleingabriel,Russell Armand
@kleingabriel,@Saitamaguru1
@kleingabriel,Mkay SaitaChain
@kleingabriel,@mannythehitman
@kleingabriel,SaitaChain
@kleingabriel,@SaitaChainCoin
@kleingabriel,ElonMansur
@kleingabriel,@ElonMansur_STC
@kleingabriel,Dubai SaitaChain
@kleingabriel,@SaitaChainDubai
@kleingabriel,Nam Tran
@kleingabriel,@Ntran1234
@kleingabriel,SaitaSwap
@kleingabriel,@Saita_Swap
@kleingabriel,AJ
@kleingabriel,@ajcartel_17
@kleingabriel,Saitama Kingdom
@kleingabriel,@SaitamaKingdom_
@kleingabriel,Mrs. Saitama / Mrs. SaitaChain
@kleingabriel,@MrsSaitama
@kleingabriel,CryptoGabriel
@kleingabriel,@cryptogabri3l
@kleingabriel,kobe
@kleingabriel,@NeoRivera2
@kleingabriel,#VZZN CORPORATION #VZZNTOKEN
@kleingabriel,@VZZNBUILDER1
@kleingabriel,Shaka Tha God
@kleingabriel,@ShakaThaGod
@kleingabriel,HTN
@kleingabriel,@CryptoServidora
@kleingabriel,Crypto Alert
@kleingabriel,@cryptoal3rt
@kleingabriel,Darren
@kleingabriel,@english_foolery
@kleingabriel,Karnn Bhandarii
@kleingabriel,@karanbhandari10
@kleingabriel,Epay.me
@kleingabriel,@Epayme_uae
@kleingabriel,CryptoDamon
@kleingabriel,@CryptoDamon_
@kleingabriel,Grok
@kleingabriel,@grok
@kleingabriel,fal
@kleingabriel,@fal_ai_data
@kleingabriel,Hosun
@kleingabriel,@hosun_chung
@kleingabriel,JoFae
@kleingabriel,@JoFae22
@kleingabriel,SaitaChain Merchandise
@kleingabriel,@SaitaMerch
@kleingabriel,The Crypto Times
@kleingabriel,@CryptoTimes_io
@kleingabriel,Madni Aghadi
@kleingabriel,@hey_madni
@kleingabriel,Juanito Medina
@kleingabriel,@juanitomedinart
@kleingabriel,Grigoreen - comms open
@kleingabriel,@Grigoreen
@BleevesCrypto,Volt Inu
@BleevesCrypto,@VoltInuOfficial
@BleevesCrypto,Rodney
@BleevesCrypto,@cryptojourneyrs
@BleevesCrypto,Ian Heinisch
@BleevesCrypto,@ianheinischmma
@BleevesCrypto,Adam Shelton (Captain)
@BleevesCrypto,@AdamEShelton
@BleevesCrypto,Henok
@BleevesCrypto,@henokcrypto
@BleevesCrypto,Voltedranger
@BleevesCrypto,@voltedranger
@BleevesCrypto,kryptoChay.eth
@BleevesCrypto,@kryptochay
@BleevesCrypto,Volted Dragons Sailors Club
@BleevesCrypto,@VDSC_Official
@BleevesCrypto,AuzSOME Austin
@BleevesCrypto,@AuzsomeAustin
@BleevesCrypto,December DeMarco
@BleevesCrypto,@DecemberDeMarco
@BleevesCrypto,Dj Legendz
@BleevesCrypto,@djlegendz
@BleevesCrypto,MediChainX
@BleevesCrypto,@MediChainX
@BleevesCrypto,Phaltron The Mastermind
@BleevesCrypto,@phaltron
@Ntran1234,CoinDCX: India's Safest Crypto Platform
@Ntran1234,@CoinDCX
@Ntran1234,Crypto Alert
@Ntran1234,@cryptoal3rt
@Ntran1234,Upbit Global
@Ntran1234,@upbitglobal
@Ntran1234,Upbit Korea
@Ntran1234,@Official_Upbit
@Ntran1234,RACER
@Ntran1234,@justsayitffs
@Ntran1234,Bleeves Crypto
@Ntran1234,@BleevesCrypto
@Ntran1234,POWELLY
@Ntran1234,@MPowelly02
@Ntran1234,Vi€tS0uL | #SaitaChain | Kingdom | #SaitaCard |
@Ntran1234,@VietS0uL
@Ntran1234,AltGemHunter
@Ntran1234,@AltGemHunt
@Ntran1234,Thanhconnect
@Ntran1234,@Thanhconnect
@Ntran1234,Donald J. Trump
@Ntran1234,@realDonaldTrump
@Ntran1234,Anand Sinha
@Ntran1234,@anandsinha095
@Ntran1234,Ninety Eight
@Ntran1234,@ninetyeight_hq
@Ntran1234,Vinh The Nguyen
@Ntran1234,@drofin69
@Ntran1234,BSCN
@Ntran1234,@BSCNews
@Ntran1234,Sleepy Joe Token (ERC-20)
@Ntran1234,@SleepyJoe_Token
@Ntran1234,Ash Crypto
@Ntran1234,@Ashcryptoreal
@Ntran1234,Rahul Rohit Parikh kingdom
@Ntran1234,@rahulparikh94
@Ntran1234,LBank.com
@Ntran1234,@LBank_Exchange
@Ntran1234,Bitrue
@Ntran1234,@BitrueOfficial
@Ntran1234,Grok
@Ntran1234,@grok
@Ntran1234,KoinBX
@Ntran1234,@KoinBX
@Ntran1234,SpaceX
@Ntran1234,@SpaceX
@Ntran1234,Michael Saylor
@Ntran1234,@saylor
@Ntran1234,X Bridge
@Ntran1234,@XBridge_
@Ntran1234,Mr. S Kingdom / STC
@Ntran1234,@CallMeMrEs
@Ntran1234,MOLT MEDIA
@Ntran1234,@MoltMoney
@Ntran1234,Rockit Crypto
@Ntran1234,@RockitCrypto
@Ntran1234,Conway East
@Ntran1234,@ConwayEastFB
@Ntran1234,Umesh
@Ntran1234,@TheMotionMan
@Ntran1234,Coinbase Wallet
@Ntran1234,@CoinbaseWallet
@Ntran1234,OKX
@Ntran1234,@okx
@Ntran1234,Philip Charles
@Ntran1234,@philctbiker
@Ntran1234,Bitget
@Ntran1234,@bitgetglobal
@Ntran1234,HTX
@Ntran1234,@HTX_Global
@Ntran1234,NOWNodes
@Ntran1234,@NOWNodes
@Ntran1234,Human Appeal
@Ntran1234,@HumanAppeal
@phaltron,Rodney
@phaltron,@cryptojourneyrs
@phaltron,Henok
@phaltron,@henokcrypto
@phaltron,Sky Walker / Jesus Daniel
@phaltron,@SkyWalker64007
@phaltron,OldGuyDavid (Satire/Parody)
@phaltron,@OldGuyDavid2022
@phaltron,Sir Crypto
@phaltron,@1SirCrypto
@phaltron,Bleeves Crypto
@phaltron,@BleevesCrypto
@phaltron,AuzSOME Austin
@phaltron,@AuzsomeAustin
@phaltron,ANIME
@phaltron,@ANIMEL0VER94
@phaltron,Scott Herman
@phaltron,@Scott_Herman
@phaltron,🆃🅴🆃🆁.ton
@phaltron,@TETRADeFi
@phaltron,Cool N' Criss
@phaltron,@CoolNCriss
@phaltron,Johnny
@phaltron,@JohnnyT231
@phaltron,MrCultmander.cult
@phaltron,@Cultmander76
@phaltron,Bree Giordano ☽☾
@phaltron,@xravexbabyx
@phaltron,Mr. Preach
@phaltron,@LittleManPower
@phaltron,Ryan Patrick
@phaltron,@ryanpcrypto
@phaltron,"GuUGoD τeĦ DeGeNerAτe (,) (,) (,)"
@phaltron,@GuuGod777
@phaltron,bmade .cult
@phaltron,@bmadecult
@phaltron,Soldier.$TON
@phaltron,@cryptosoldier__
@phaltron,"Vici ( τ , ϙ )"
@phaltron,@vici_trades
@phaltron,Seth Dillon
@phaltron,@SethDillon
@phaltron,Kyle Mann
@phaltron,@The_Kyle_Mann
@phaltron,PBD Podcast
@phaltron,@PBDsPodcast
@phaltron,carwrangler
@phaltron,@carwrangler0x
@phaltron,KuMaR (Alt)
@phaltron,@TheKumar777
@phaltron,Doctor Cryptoman
@phaltron,@Doctorcryptoman
@phaltron,Crying Cat
@phaltron,@ogcryingcat
@phaltron,"Andrea Lynn, RN"
@phaltron,@andrealynn_rn2
@phaltron,H.E. Justin Sun 孙宇晨(hiring)
@phaltron,@justinsuntron
@phaltron,cryptobully1
@phaltron,@Bullishnr1
@phaltron,Moe
@phaltron,@KGMo2300
@phaltron,Quinnjerman
@phaltron,@Michael97439428
@phaltron,Crypto Gems Sniper
@phaltron,@BscGemSniper
@phaltron,Mike
@phaltron,@SleepyyMike
@phaltron,Vignesh Ashok
@phaltron,@VigneshAshok16
@phaltron,Corn Pop
@phaltron,@wtobe60
@ANIMEL0VER94,Thor | Kirito
@ANIMEL0VER94,@Thorshammergems
@ANIMEL0VER94,Jamie Kingston
@ANIMEL0VER94,@jamiekingston
@ANIMEL0VER94,POΞ
@ANIMEL0VER94,@Poe_Ether
@ANIMEL0VER94,AJ
@ANIMEL0VER94,@ajcartel_17
@ANIMEL0VER94,Rodney
@ANIMEL0VER94,@cryptojourneyrs
@ANIMEL0VER94,Shaka Tha God
@ANIMEL0VER94,@ShakaThaGod
@ANIMEL0VER94,Phaltron The Mastermind
@ANIMEL0VER94,@phaltron
@ANIMEL0VER94,Jeff
@ANIMEL0VER94,@CryptoOldFella
@ANIMEL0VER94,Gems of Ra
@ANIMEL0VER94,@GemsofRa
@ANIMEL0VER94,JasonCryptoApe 
@ANIMEL0VER94,@JasonCryptoFTW
@ANIMEL0VER94,Trill
@ANIMEL0VER94,@RWOTrilly
@ANIMEL0VER94,HTN
@ANIMEL0VER94,@CryptoServidora
@ANIMEL0VER94,OldGuyDavid (Satire/Parody)
@ANIMEL0VER94,@OldGuyDavid2022
@VZZNBUILDER1,Russell Armand
@VZZNBUILDER1,@Saitamaguru1
@VZZNBUILDER1,Mkay SaitaChain
@VZZNBUILDER1,@mannythehitman
@VZZNBUILDER1,SaitaChain
@VZZNBUILDER1,@SaitaChainCoin
@VZZNBUILDER1,ElonMansur
@VZZNBUILDER1,@ElonMansur_STC
@VZZNBUILDER1,GABE KLEIN
@VZZNBUILDER1,@kleingabriel
@VZZNBUILDER1,Dubai SaitaChain
@VZZNBUILDER1,@SaitaChainDubai
@VZZNBUILDER1,Nam Tran
@VZZNBUILDER1,@Ntran1234
@VZZNBUILDER1,AJ
@VZZNBUILDER1,@ajcartel_17
@VZZNBUILDER1,SaitaSwap
@VZZNBUILDER1,@Saita_Swap
@VZZNBUILDER1,Saitama Kingdom
@VZZNBUILDER1,@SaitamaKingdom_
@VZZNBUILDER1,Mrs. Saitama / Mrs. SaitaChain
@VZZNBUILDER1,@MrsSaitama
@VZZNBUILDER1,Shaka Tha God
@VZZNBUILDER1,@ShakaThaGod
@VZZNBUILDER1,kobe
@VZZNBUILDER1,@NeoRivera2
@VDSC_Official,Volt Inu
@VDSC_Official,@VoltInuOfficial
@VDSC_Official,PabloCRO
@VDSC_Official,@Pablo_cro
@VDSC_Official,JAKE
@VDSC_Official,@JakeGagain
@VDSC_Official,Ian Heinisch
@VDSC_Official,@ianheinischmma
@VDSC_Official,Voltedranger
@VDSC_Official,@voltedranger
@VDSC_Official,kryptoChay.eth
@VDSC_Official,@kryptochay
@VDSC_Official,Adam Shelton (Captain)
@VDSC_Official,@AdamEShelton
@VDSC_Official,Bleeves Crypto
@VDSC_Official,@BleevesCrypto
@VDSC_Official,December DeMarco
@VDSC_Official,@DecemberDeMarco
@VDSC_Official,Henok
@VDSC_Official,@henokcrypto
@VDSC_Official,Elon Musk (Parody)
@VDSC_Official,@ElonMuskPD
@VDSC_Official,Power Wright
@VDSC_Official,@TheGen35
@VDSC_Official,CryptoChick
@VDSC_Official,@CryptoChick06
@voltedranger,Volt Inu
@voltedranger,@VoltInuOfficial
@voltedranger,JAKE
@voltedranger,@JakeGagain
@voltedranger,kryptoChay.eth
@voltedranger,@kryptochay
@voltedranger,Volted Dragons Sailors Club
@voltedranger,@VDSC_Official
@voltedranger,December DeMarco
@voltedranger,@DecemberDeMarco
@voltedranger,CryptoChick
@voltedranger,@CryptoChick06
@voltedranger,BIG CAT
@voltedranger,@bigcatsreal
@voltedranger,Kareem(VOLTED)
@voltedranger,@reem51627980
@voltedranger,Poloniex Exchange
@voltedranger,@Poloniex
@voltedranger,Cassidy
@voltedranger,@Cassidy_617
@voltedranger,VeLL
@voltedranger,@Ferrarikid_718
@voltedranger,Z
@voltedranger,@Volted_Z
@voltedranger,optimumhustle
@voltedranger,@optimumhustle
@voltedranger,007 Crypto
@voltedranger,@00Volt_Dallas
@voltedranger,Hound
@voltedranger,@cryptohound817
@voltedranger,CRG
@voltedranger,@MacroCRG
@voltedranger,Heatscore77
@voltedranger,@heatscore777
@voltedranger,MANU
@voltedranger,@wHy_m00n_sEr
@voltedranger,Lucky7
@voltedranger,@LuckyNhan75
@voltedranger,Creator.eth
@voltedranger,@creator2869
@voltedranger,Bill Cipher
@voltedranger,@billcipherERC20
@voltedranger,Wall Street Bobo
@voltedranger,@wallstreetbobo
@voltedranger,SunBird
@voltedranger,@SUNBIRD_TRX
@voltedranger,Dogga
@voltedranger,@dogga_tron
@voltedranger,Department Of Government Efficiency
@voltedranger,@NewDogeOnETH
@voltedranger,Leo
@voltedranger,@Leonardo_CMNT
@voltedranger,CARNAGE | NFG
@voltedranger,@CARNAGE_3000X
@voltedranger,Deadpool Inu
@voltedranger,@deadpoolinuerc
@voltedranger,Wolverine Inu
@voltedranger,@WolverineInu
@voltedranger,vitalik.eth
@voltedranger,@VitalikButerin
@voltedranger,Gou
@voltedranger,@GouOnETH
@voltedranger,BagCalls
@voltedranger,@BagCalls
@voltedranger,GGsOnly
@voltedranger,@GG1nvestments
@voltedranger,Ken - The First Doge
@voltedranger,@Thefirstdogeeth
@voltedranger,Catinbun
@voltedranger,@catinbun
@voltedranger,5/10 zoomer girls
@voltedranger,@averagezoomerg
@voltedranger,ram
@voltedranger,@0xRamonos
@voltedranger,Technodoge (Fan Account)
@voltedranger,@astro_greek
@voltedranger,CITADEL WOLF
@voltedranger,@citadelwolff
@voltedranger,hmmm
@voltedranger,@hmmmsol
@voltedranger,azao
@voltedranger,@azaomonk
@voltedranger,Pickle
@voltedranger,@pickleonsol_cto
@voltedranger,daumen.eth
@voltedranger,@daumeneth
@voltedranger,Eric Trump
@voltedranger,@EricTrump
@voltedranger,Donald Trump Jr.
@voltedranger,@DonaldJTrumpJr
@voltedranger,$SUNNY on Tron
@voltedranger,@AlwaysSunnyTRON
@voltedranger,ONIGIRI CTO
@voltedranger,@onigiri_cto
@austinahilton,JAKE
@austinahilton,@JakeGagain
@austinahilton,Zach Humphries
@austinahilton,@Z_Humphries
@austinahilton,Adam Shelton (Captain)
@austinahilton,@AdamEShelton
@austinahilton,YourPOP
@austinahilton,@Yourpop8
@austinahilton,Rodney
@austinahilton,@cryptojourneyrs
@austinahilton,Deb
@austinahilton,@LifebyDeb
@austinahilton,Bleeves Crypto
@austinahilton,@BleevesCrypto
@austinahilton,AuzSOME Austin
@austinahilton,@AuzsomeAustin
@austinahilton,Saitama Kingdom
@austinahilton,@SaitamaKingdom_
@austinahilton,Scott Herman
@austinahilton,@Scott_Herman
@austinahilton,william_volk
@austinahilton,@william_volk
@austinahilton,𝗭𝗜𝗡𝗨
@austinahilton,@ZinuToken
@austinahilton,OldGuyDavid (Satire/Parody)
@austinahilton,@OldGuyDavid2022
@kryptochay,Volt Inu
@kryptochay,@VoltInuOfficial
@kryptochay,JAKE
@kryptochay,@JakeGagain
@kryptochay,Ian Heinisch
@kryptochay,@ianheinischmma
@kryptochay,Voltedranger
@kryptochay,@voltedranger
@kryptochay,Volted Dragons Sailors Club
@kryptochay,@VDSC_Official
@kryptochay,Crypto4Life
@kryptochay,@Crypto4Life_1
@kryptochay,Adam Shelton (Captain)
@kryptochay,@AdamEShelton
@kryptochay,Bleeves Crypto
@kryptochay,@BleevesCrypto
@kryptochay,Cinthia Tamayo
@kryptochay,@cryptolatina111
@kryptochay,December DeMarco
@kryptochay,@DecemberDeMarco
@kryptochay,CryptoChick
@kryptochay,@CryptoChick06
@kryptochay,Gain Bangers.VOLT
@kryptochay,@Young_Light317
@kryptochay,Henok
@kryptochay,@henokcrypto
@brozinkerbell,BasedBillionaire
@brozinkerbell,@TimBased
@brozinkerbell,Cason 卡神
@brozinkerbell,@Casonfoy
@brozinkerbell,SENDIT
@brozinkerbell,@FULLSENDBRETT
@brozinkerbell,Crash
@brozinkerbell,@CrashiusClay69
@degenbarbie,Bizonacci
@degenbarbie,@0xBizonacci
@degenbarbie,Bakaberg
@degenbarbie,@bakabergg
@degenbarbie,Pedro DC
@degenbarbie,@Pedr0_DC
@degenbarbie,Nyx
@degenbarbie,@Nyxqmt1
@degenbarbie,b.sol
@degenbarbie,@bsol_x
@degenbarbie,Dimitri
@degenbarbie,@DimitriDotEth
@degenbarbie,TheDefiApe
@degenbarbie,@TheDefiApe
@degenbarbie,mitch (rtrd/acc)
@degenbarbie,@idrawline
@degenbarbie,CrayolaCapital
@degenbarbie,@Crayola_Capital
@degenbarbie,CTW
@degenbarbie,@CryptoTechWomen
@degenbarbie,Paulo Castagnoli
@degenbarbie,@pccastagnoli
@degenbarbie,SUNCAT CTO ON TRON
@degenbarbie,@Suncattron
@degenbarbie,SpiderCrypto |
@degenbarbie,@SpiderCrypto0x
@degenbarbie,Sara
@degenbarbie,@defi_darling
@degenbarbie,JD
@degenbarbie,@jtradestar
@degenbarbie,Bull of TRON
@degenbarbie,@bull_tron
@degenbarbie,Erequendi
@degenbarbie,@Erequendi_NFT
@degenbarbie,Crypto Insights
@degenbarbie,@CryptoInsightsX
@degenbarbie,Bybit
@degenbarbie,@Bybit_Official
@degenbarbie,Chrissy from the BLOCKS
@degenbarbie,@ChrisyFrmBLOCKS
@degenbarbie,Titan | Who Dis
@degenbarbie,@Whodis6964
@degenbarbie,geojam
@degenbarbie,@geojamofficial
@degenbarbie,Nate Rivers
@degenbarbie,@Nate_Rivers
@degenbarbie,naiive
@degenbarbie,@naiivememe
@degenbarbie,SunPump
@degenbarbie,@sunpumpmeme
@degenbarbie,OSF
@degenbarbie,@osf_rekt
@degenbarbie,Kate KittyWong
@degenbarbie,@pingthepingping
@degenbarbie,elKilombo
@degenbarbie,@elkilombo_
@degenbarbie,Gabriel Gagliardoni
@degenbarbie,@ggagliardoni
@degenbarbie,Alphiens (MINT IS LIVE)
@degenbarbie,@TheAlphiens
@degenbarbie,Evca Wolf
@degenbarbie,@evcawolfCZ
@degenbarbie,6ix9ine
@degenbarbie,@6ix9ine
@degenbarbie,MoneyLord
@degenbarbie,@moneyl0rd
@degenbarbie,Eric Cryptoman
@degenbarbie,@EricCryptoman
@degenbarbie,BitProp
@degenbarbie,@CryptoBitcoin88
@degenbarbie,legen
@degenbarbie,@legen_eth
@degenbarbie,Pepe
@degenbarbie,@pepecoineth
@degenbarbie,Nancy Pelosi Stock Tracker ♟
@degenbarbie,@PelosiTracker_
@degenbarbie,Girls Club
@degenbarbie,@GirlsClub0x69
@degenbarbie,MOON KING B-ROOTS
@degenbarbie,@iambroots
@degenbarbie,Caff
@degenbarbie,@ChadCaff
@degenbarbie,Ralph
@degenbarbie,@ralphscall
@degenbarbie,Davinci Jeremie
@degenbarbie,@Davincij15
@degenbarbie,₿en Todar
@degenbarbie,@BenTodar
@degenbarbie,Solord
@degenbarbie,@solordio
@degenbarbie,Jakey
@degenbarbie,@SolJakey
@degenbarbie,Razaria
@degenbarbie,@razariaz_eth
@degenbarbie,ricky
@degenbarbie,@rickymferr
@MemeLordzRPG,James Bull
@MemeLordzRPG,@MariusCrypt0
@MemeLordzRPG,Lady of Crypto
@MemeLordzRPG,@LadyofCrypto1
@MemeLordzRPG,Alex Becker
@MemeLordzRPG,@ZssBecker
@MemeLordzRPG,WIZZ ( beware scammers )
@MemeLordzRPG,@CryptoWizardd
@MemeLordzRPG,Travladd Crypto
@MemeLordzRPG,@OfficialTravlad
@MemeLordzRPG,sir.x
@MemeLordzRPG,@sir_x_1
@MemeLordzRPG,Johnny
@MemeLordzRPG,@CryptoGodJohn
@MemeLordzRPG,Sjuul | AltCryptoGems
@MemeLordzRPG,@AltCryptoGems
@MemeLordzRPG,Dōgen
@MemeLordzRPG,@realdogen
@MemeLordzRPG,Brycent
@MemeLordzRPG,@brycent_
@MemeLordzRPG,Flame
@MemeLordzRPG,@flamestore_xyz
@MemeLordzRPG,UxG
@MemeLordzRPG,@UxGsol
@MemeLordzRPG,Based USA
@MemeLordzRPG,@USA_CTO
@MemeLordzRPG,0xKarl | Eth
@MemeLordzRPG,@0xchizitere_eth
@MemeLordzRPG,tmas
@MemeLordzRPG,@itstylersays
@MemeLordzRPG,Rodney
@MemeLordzRPG,@cryptojourneyrs
@MemeLordzRPG,GAIMIN
@MemeLordzRPG,@GaiminIo
@MemeLordzRPG,Onchain Summit San Francisco
@MemeLordzRPG,@onchainsf
@MemeLordzRPG,DOOMER
@MemeLordzRPG,@DoomerOnBaseCTO
@MemeLordzRPG,AeroBud
@MemeLordzRPG,@AeroBudCoin
@MemeLordzRPG,basedmc.base.eth
@MemeLordzRPG,@based_minecraft
@MemeLordzRPG,jesse.base.eth
@MemeLordzRPG,@jessepollak
@MemeLordzRPG,Late Night on Base
@MemeLordzRPG,@latenightonbase
@MemeLordzRPG,Young Peezy on Base
@MemeLordzRPG,@YoungPeezy_Pepe
@MemeLordzRPG,JustMoney
@MemeLordzRPG,@JustMoneyIO
@MemeLordzRPG,PlayToEarn
@MemeLordzRPG,@PlayToEarn
@MemeLordzRPG,MAGA TRUMP
@MemeLordzRPG,@MAGATRUMPONBASE
@MemeLordzRPG,Alf The Crocodile
@MemeLordzRPG,@AlfOnBase
@MemeLordzRPG,Secret Base
@MemeLordzRPG,@BaseSecretBase
@MemeLordzRPG,Being Based
@MemeLordzRPG,@BeingBasedIO
@MemeLordzRPG,'Stache
@MemeLordzRPG,@CryptoStache
@MemeLordzRPG,The Based Cartel
@MemeLordzRPG,@TheBasedCartel
@MemeLordzRPG,Mr. Miggles
@MemeLordzRPG,@MrMigglesOnBase
@MemeLordzRPG,All Your Base Are Belong To Us
@MemeLordzRPG,@AllYourBase_AYB
@MemeLordzRPG,$ROOST ON BASE
@MemeLordzRPG,@RoostCoin
@MemeLordzRPG,The Degensons
@MemeLordzRPG,@degensonsonbase
@MemeLordzRPG,Weirdo
@MemeLordzRPG,@weirdoBase
@MemeLordzRPG,Warpie
@MemeLordzRPG,@WarpieTheWombat
@MemeLordzRPG,Ski Mask Dog
@MemeLordzRPG,@Ski_CTO
@MemeLordzRPG,Peplo Escobar
@MemeLordzRPG,@basedpeplo
@MemeLordzRPG,Based Chad
@MemeLordzRPG,@BasedChad6969
@MemeLordzRPG,Keren
@MemeLordzRPG,@kerenbase
@MemeLordzRPG,Base Lord
@MemeLordzRPG,@BaseChainLord
@MemeLordzRPG,Purely Based
@MemeLordzRPG,@PurelyBaseChain
@MemeLordzRPG,fd_crypto
@MemeLordzRPG,@fdcrypto4
@MemeLordzRPG,Sarto
@MemeLordzRPG,@Sartoshi0x
@MemeLordzRPG,satchaser.eth
@MemeLordzRPG,@satzchaser
@MemeLordzRPG,lynk
@MemeLordzRPG,@lynk0x
@MemeLordzRPG,Non-Fungible Art Inc
@MemeLordzRPG,@NFA_Inc
@MemeLordzRPG,Nifty Vicious
@MemeLordzRPG,@SidneyRichlin
@MemeLordzRPG,WifForkinKnife
@MemeLordzRPG,@WifForkinKnife
@MemeLordzRPG,Mr Burnz
@MemeLordzRPG,@mrburnzonbase
@MemeLordzRPG,CoinMerge.io
@MemeLordzRPG,@coinmerge
@MemeLordzRPG,Lew Langer
@MemeLordzRPG,@Lew_Langer
@MemeLordzRPG,Landwolf - $WOLF on Base
@MemeLordzRPG,@LandWolf_Base
@MemeLordzRPG,Base God
@MemeLordzRPG,@tybasegod
@MemeLordzRPG,MoneyBee
@MemeLordzRPG,@BasedMoneyBee
@MemeLordzRPG,Bobby
@MemeLordzRPG,@bobbyonbase_
@MemeLordzRPG,𝗢𝗠𝗚𝗶𝗻𝗮.𝗲𝘁𝗵 ♡
@MemeLordzRPG,@OMGinaeth
@RyanAFournier,Juanita Broaddrick
@RyanAFournier,@atensnut
@RyanAFournier,Jenna Ellis
@RyanAFournier,@realJennaEllis
@RyanAFournier,Sebastian Gorka DrG
@RyanAFournier,@SebGorka
@RyanAFournier,Brandon Straka #WalkAway
@RyanAFournier,@BrandonStraka
@RyanAFournier,Matt Couch
@RyanAFournier,@RealMattCouch
@RyanAFournier,Kambree
@RyanAFournier,@KamVTV
@RyanAFournier,Alex Bruesewitz
@RyanAFournier,@alexbruesewitz
@RyanAFournier,John Solomon
@RyanAFournier,@jsolomonReports
@RyanAFournier,Vernon Jones
@RyanAFournier,@VernonForGA
@RyanAFournier,CJ Pearson
@RyanAFournier,@thecjpearson
@RyanAFournier,David J Harris Jr
@RyanAFournier,@DavidJHarrisJr
@RyanAFournier,Wayne DuPree
@RyanAFournier,@WayneDupreeShow
@RyanAFournier,Melissa Tate
@RyanAFournier,@TheRightMelissa
@RyanAFournier,Paul Sperry
@RyanAFournier,@paulsperry_
@RyanAFournier,Wendy Rogers
@RyanAFournier,@WendyRogersAZ
@RyanAFournier,"David A. Clarke, Jr."
@RyanAFournier,@SheriffClarke
@RyanAFournier,Chuck Woolery
@RyanAFournier,@chuckwoolery
@RyanAFournier,Lance Gooden
@RyanAFournier,@Lancegooden
@RyanAFournier,Sean Davis
@RyanAFournier,@seanmdav
@RyanAFournier,Brendon Leslie
@RyanAFournier,@BrendonLeslie
@RyanAFournier,Joshua T. Hosler
@RyanAFournier,@JoshuaHosler
@RyanAFournier,Chris
@RyanAFournier,@chris_eths
@RyanAFournier,Mother Trumper
@RyanAFournier,@lynnhowlett
@RyanAFournier,𝐒𝐜𝐨𝐭𝐭 𝐙𝐢𝐦𝐦𝐞𝐫𝐦𝐚𝐧
@RyanAFournier,@ScottZPatriot
@RyanAFournier,Q
@RyanAFournier,@ResonanceEnter1
@RyanAFournier,Lisa Mei
@RyanAFournier,@TheNotoriousLMC
@RyanAFournier,D.Sauce (TIE)
@RyanAFournier,@DakotaSidwell
@RyanAFournier,Jason Fricks
@RyanAFournier,@realjasonfricks
@RyanAFournier,Kaleb Holmes
@RyanAFournier,@realkalebholmes
@RyanAFournier,Theo Von
@RyanAFournier,@TheoVon
@RyanAFournier,Sunny
@RyanAFournier,@tooosunny
@RyanAFournier,National Youth Leaders of America
@RyanAFournier,@LeadersOfUSA
@RyanAFournier,Patrick Prudhomme
@RyanAFournier,@RealPJPrudhomme
@RyanAFournier,Lara #WomenForTrump
@RyanAFournier,@Lara_maga47
@RyanAFournier,Thomas Farrell
@RyanAFournier,@ThomasJFarrell7
@RyanAFournier,Lynn
@RyanAFournier,@OkayKae7
@GamebredFighter,Ariel Helwani
@GamebredFighter,@arielhelwani
@GamebredFighter,ESPN MMA
@GamebredFighter,@espnmma
@GamebredFighter,Nathan Diaz
@GamebredFighter,@NateDiaz209
@GamebredFighter,The Diamond
@GamebredFighter,@DustinPoirier
@GamebredFighter,MMA Fighting
@GamebredFighter,@MMAFighting
@GamebredFighter,michael
@GamebredFighter,@bisping
@GamebredFighter,danawhite
@GamebredFighter,@danawhite
@GamebredFighter,MMA Junkie
@GamebredFighter,@MMAJunkie
@GamebredFighter,Belal Muhammad
@GamebredFighter,@bullyb170
@GamebredFighter,UFC on TNT Sports
@GamebredFighter,@ufcontnt
@GamebredFighter,BONY
@GamebredFighter,@JonnyBones
@GamebredFighter,Jiri BJP Prochazka
@GamebredFighter,@jiri_bjp
@GamebredFighter,Max Holloway
@GamebredFighter,@BlessedMMA
@Hannahughes_,Everything Georgia
@Hannahughes_,@GAFollowers
@Hannahughes_,Aj
@Hannahughes_,@Ajwritescrypto
@Hannahughes_,Deezy.eth
@Hannahughes_,@deezy_BTC
@Hannahughes_,Wendy O
@Hannahughes_,@CryptoWendyO
@Hannahughes_,Frankie Candles
@Hannahughes_,@Frankie_Candles
@Hannahughes_,Justin Williams
@Hannahughes_,@7updoteth
@Hannahughes_,KellyKellam
@Hannahughes_,@Kellykellam
@Hannahughes_,Taco
@Hannahughes_,@Crypto_Taco01
@Hannahughes_,CryptoFace
@Hannahughes_,@RealCryptoFace1
@Hannahughes_,Blockchain Basement
@Hannahughes_,@BchainBasement
@Hannahughes_,JPG Empire
@Hannahughes_,@JpgEmpire
@Hannahughes_,MASON VERSLUIS
@Hannahughes_,@MasonVersluis
@Hannahughes_,Biden Runtz
@Hannahughes_,@xmortalman
@RobDoebelin,Lew Langer
@RobDoebelin,@Lew_Langer
@RobDoebelin,Benjamin Lambert
@RobDoebelin,@benlambert08
@RobDoebelin,Snoop Dogg
@RobDoebelin,@SnoopDogg
@RobDoebelin,Morgzy
@RobDoebelin,@morgzy3
@RobDoebelin,Gramskiis Assistant
@RobDoebelin,@YNGpeezy2
@RobDoebelin,Yanyan L
@RobDoebelin,@yanyanista
@RobDoebelin,El Presidente
@RobDoebelin,@Elpresidente818
@RobDoebelin,rapa.eth
@RobDoebelin,@raphaelspak
@RobDoebelin,BaseHEX
@RobDoebelin,@cryptoballs5555
@RobDoebelin,Daddy
@RobDoebelin,@DaddyOnBase
@RobDoebelin,Landwolf - $WOLF on Base
@RobDoebelin,@LandWolf_Base
@RobDoebelin,Kaylazgotnofilter
@RobDoebelin,@Kaylazgotnofil1
@RobDoebelin,Jose | Blue Social
@RobDoebelin,@_Jose_Montero_
@Tokyo,東京美術館巡り【公式】
@Tokyo,@tokyoartmuseum
@Tokyo,RayRay
@Tokyo,@rayray_1_
@Tokyo,diego
@Tokyo,@dferrersan
@Tokyo,Frankie Colamarino
@Tokyo,@franke
@Tokyo,PROBLEM
@Tokyo,@problem
@Tokyo,Mai @intmax
@Tokyo,@missbitcoin_mai
@Tokyo,EDCON
@Tokyo,@EDCON2024
@Tokyo,Joshua Mellin
@Tokyo,@JoshuaMellin
@Tokyo,Tokyo Cheapo
@Tokyo,@TokyoCheapo
@Tokyo,Nippon.com
@Tokyo,@nippon_en
@Tokyo,ANAインターコンチネンタルホテル東京
@Tokyo,@ANAICTokyo
@Tokyo,Grand Hyatt Tokyo
@Tokyo,@GrandHyattTokyo
@Tokyo,The Japan Times
@Tokyo,@japantimes
@coderdannn,Aavegotchi
@coderdannn,@aavegotchi
@coderdannn,Marc “Billy” Zeller
@coderdannn,@lemiscate
@coderdannn,Nofuturistic.eth
@coderdannn,@Nofuturephoto
@coderdannn,Stani
@coderdannn,@StaniKulechov
@coderdannn,GotchiBulls
@coderdannn,@GotchiBulls
@coderdannn,Ifty
@coderdannn,@AavegotchiS
@coderdannn,goldenXross
@coderdannn,@gldnXross
@coderdannn,gravy
@coderdannn,@GravyGG
@coderdannn,XIBOT | AAVEGOTCHi
@coderdannn,@xavieriturralde
@coderdannn,FAKE Gotchis Official
@coderdannn,@FAKEgotchis
@coderdannn,Thrax | Aavegotchi
@coderdannn,@thrax_nft
@coderdannn,Dr Wagmi
@coderdannn,@Stedari
@coderdannn,Sandeep | AggLayer
@coderdannn,@sandeepnailwal
@sunpumpmeme,H.E. Justin Sun 孙宇晨(hiring)
@sunpumpmeme,@justinsuntron
@sunpumpmeme,TRON DAO
@sunpumpmeme,@trondao
@sunpumpmeme,TRON Community
@sunpumpmeme,@TronixTrx
@sunpumpmeme,USDD
@sunpumpmeme,@usddio
@sunpumpmeme,BitTorrent
@sunpumpmeme,@BitTorrent
@sunpumpmeme,APENFT
@sunpumpmeme,@apenftorg
@sunpumpmeme,Poloniex Exchange
@sunpumpmeme,@Poloniex
@sunpumpmeme,JUST Foundation
@sunpumpmeme,@DeFi_JUST
@sunpumpmeme,TRONSCAN
@sunpumpmeme,@TRONSCAN_ORG
@sunpumpmeme,Josephine
@sunpumpmeme,@Josephine820c
@sunpumpmeme,DexCheck AI
@sunpumpmeme,@DexCheck_io
@sunpumpmeme,Kaito AI
@sunpumpmeme,@_kaitoai
@sunpumpmeme,TokenPocket
@sunpumpmeme,@TokenPocket_TP
@justinsuntron,BITWU.ETH
@justinsuntron,@BTW0205
@justinsuntron,Yi He
@justinsuntron,@heyibinance
@justinsuntron,花花研究院 | Crypto Alpha
@justinsuntron,@huahuayjy
@justinsuntron,TRON DAO
@justinsuntron,@trondao
@justinsuntron,大宇
@justinsuntron,@BTCdayu
@justinsuntron,ChandlerGuo
@justinsuntron,@ChandlerGuo
@justinsuntron,CryptoMaid加密女仆お嬢様 $bfc $luag
@justinsuntron,@maid_crypto
@justinsuntron,sisi
@justinsuntron,@sisibinance
@justinsuntron,DiscusFish
@justinsuntron,@bitfish1
@justinsuntron,币圈牛熊记忆
@justinsuntron,@onebcher
@justinsuntron,BitTorrent
@justinsuntron,@BitTorrent
@justinsuntron,梭教授说
@justinsuntron,@hellosuoha
@justinsuntron,吴说区块链
@justinsuntron,@wublockchain12
@CryptoApprenti1,Rampage
@CryptoApprenti1,@rampagepoker
@CryptoApprenti1,LEGION | Joey Ingram
@CryptoApprenti1,@Joeingram1
@CryptoApprenti1,Mister_Keating
@CryptoApprenti1,@Mister_Keating
@CryptoApprenti1,Eric Persson
@CryptoApprenti1,@IAmMaverick888
@CryptoApprenti1,Garrett Adelstein
@CryptoApprenti1,@GmanPoker
@CryptoApprenti1,Hustler Casino Live
@CryptoApprenti1,@HCLPokerShow
@CryptoApprenti1,Phil Galfond
@CryptoApprenti1,@PhilGalfond
@CryptoApprenti1,KMart
@CryptoApprenti1,@KevinRobMartin
@CryptoApprenti1,Andy Stacks
@CryptoApprenti1,@andystackspoker
@CryptoApprenti1,Bart Hanson
@CryptoApprenti1,@BartHanson
@CryptoApprenti1,Matt Berkey
@CryptoApprenti1,@berkey11
@CryptoApprenti1,Doug Polk
@CryptoApprenti1,@DougPolkVids
@CryptoApprenti1,Melissa Schubert
@CryptoApprenti1,@poodawgmelissa
@Recordian_Music,The Future Lounge
@Recordian_Music,@Future_Lounge_1
@Recordian_Music,Dōgen
@Recordian_Music,@realdogen
@Recordian_Music,Edi Mean
@Recordian_Music,@TheRealEDIDON
@Recordian_Music,CoinMerge.io
@Recordian_Music,@coinmerge
@Recordian_Music,OverDose
@Recordian_Music,@Overdose_AI
@Recordian_Music,Doxxed Gem Club d/acc
@Recordian_Music,@DoxxedChannel
@Recordian_Music,BXIN Official
@Recordian_Music,@bxinGlobal
@Recordian_Music,comet
@Recordian_Music,@cometcalls
@Recordian_Music,LitBit Finance
@Recordian_Music,@LitbitFinance
@Recordian_Music,Ian Heinisch
@Recordian_Music,@ianheinischmma
@Recordian_Music,MOON KING B-ROOTS
@Recordian_Music,@iambroots
@Recordian_Music,DJ Vlad
@Recordian_Music,@djvlad
@Recordian_Music,Bolide
@Recordian_Music,@bolide_app
@chintanturakhia,Brian Armstrong
@chintanturakhia,@brian_armstrong
@chintanturakhia,vitalik.eth
@chintanturakhia,@VitalikButerin
@chintanturakhia,Coinbase
@chintanturakhia,@coinbase
@chintanturakhia,Coinbase Wallet
@chintanturakhia,@CoinbaseWallet
@chintanturakhia,jesse.base.eth
@chintanturakhia,@jessepollak
@chintanturakhia,Pete Kim
@chintanturakhia,@petejkim
@chintanturakhia,surojit
@chintanturakhia,@surojit
@chintanturakhia,Harry Tormey | |
@chintanturakhia,@htormey
@chintanturakhia,Sid Coelho-Prabhu | sidcoin.eth
@chintanturakhia,@sid_coelho
@chintanturakhia,Viktor Bunin
@chintanturakhia,@ViktorBunin
@chintanturakhia,Sam Altman
@chintanturakhia,@sama
@chintanturakhia,Balaji
@chintanturakhia,@balajis
@chintanturakhia,Dan Romero
@chintanturakhia,@dwr
@Pantheonspod,Brian Armstrong
@Pantheonspod,@brian_armstrong
@Pantheonspod,Paul Buser
@Pantheonspod,@PaulBuser
@Pantheonspod,Rick Buhrman
@Pantheonspod,@buhrman_rick
@Pantheonspod,Ben Wilson
@Pantheonspod,@BenWilsonTweets
@Pantheonspod,How to Take Over the World
@Pantheonspod,@HTTOTW
@Pantheonspod,Art of Investing
@Pantheonspod,@artofinvest
@Pantheonspod,Positive Sum
@Pantheonspod,@psumvc
@Pantheonspod,Patrick OShaughnessy
@Pantheonspod,@patrick_oshag
@Pantheonspod,Naval
@Pantheonspod,@naval
@Pantheonspod,Leila Hormozi
@Pantheonspod,@LeilaHormozi
@Pantheonspod,Alex Hormozi
@Pantheonspod,@AlexHormozi
@Pantheonspod,David Rosenthal
@Pantheonspod,@djrosent
@Pantheonspod,Ben Gilbert
@Pantheonspod,@gilbert
@Pantheonspod,Acquired Podcast
@Pantheonspod,@AcquiredFM
@Pantheonspod,Colossus
@Pantheonspod,@joincolossus
@Pantheonspod,Invest Like the Best
@Pantheonspod,@InvestLikeBest
@Pantheonspod,David Senra
@Pantheonspod,@DavidSenra1
@Pantheonspod,Dallas Mavericks
@Pantheonspod,@dallasmavs
@Pantheonspod,Elon Musk
@Pantheonspod,@elonmusk
@aavegotchi,Marc “Billy” Zeller
@aavegotchi,@lemiscate
@aavegotchi,coderdan.eth @Tokyo
@aavegotchi,@coderdannn
@aavegotchi,Nofuturistic.eth
@aavegotchi,@Nofuturephoto
@aavegotchi,goldenXross
@aavegotchi,@gldnXross
@aavegotchi,GotchiBulls
@aavegotchi,@GotchiBulls
@aavegotchi,gravy
@aavegotchi,@GravyGG
@aavegotchi,XIBOT | AAVEGOTCHi
@aavegotchi,@xavieriturralde
@aavegotchi,FAKE Gotchis Official
@aavegotchi,@FAKEgotchis
@aavegotchi,Thrax | Aavegotchi
@aavegotchi,@thrax_nft
@aavegotchi,Aave Labs
@aavegotchi,@aave
@aavegotchi,Goobz ᵍᵍ
@aavegotchi,@GoobzGG
@aavegotchi,The Order of Portal Mages | TOPM
@aavegotchi,@PortalMages
@aavegotchi,Gotchi French Army
@aavegotchi,@TheGotchiFArmy
@aavegotchi,SOJU
@aavegotchi,@SOJU_1999
@aavegotchi,Nick Mudge
@aavegotchi,@mudgen
@aavegotchi,stellarhobbes.eth
@aavegotchi,@stellarhobbes
@aavegotchi,TBURD.ETH
@aavegotchi,@timtime
@aavegotchi,GMIfrens.lens
@aavegotchi,@GMIfrens
@aavegotchi,SmokeScreen.lens ᵍᵍ
@aavegotchi,@SmokeScreens77
@aavegotchi,Mycaleum.eth
@aavegotchi,@Mycaleum
@aavegotchi,Midnite Ghozt
@aavegotchi,@midniteghozt
@aavegotchi,Gotchi Battler
@aavegotchi,@GotchiBattler
@aavegotchi,1KIN Labs | Building the GR1D
@aavegotchi,@1KINlabs
@aavegotchi,GR1D Network
@aavegotchi,@GR1Dnetwork
@aavegotchi,Elisa
@aavegotchi,@eeelistar
@aavegotchi,Herro
@aavegotchi,@HerroCrypto
@aavegotchi,Mecha Gotchis
@aavegotchi,@MechaGotchis
@aavegotchi,Gotchi Greetoors
@aavegotchi,@gotchigreetoors
@aavegotchi,STRATEGOTCHI
@aavegotchi,@Strategotchi
@aavegotchi,"glabuz ""Greg"" | Polygon"
@aavegotchi,@glabuz
@aavegotchi,0x_Jun
@aavegotchi,@js0514tristan1
@aavegotchi,Pak Tsai
@aavegotchi,@Pak_Tsai19
@aavegotchi,Pi3sangblaar.loopring.eth (polygone.rat)
@aavegotchi,@Pi3sangblaar
@aavegotchi,Grim
@aavegotchi,@ReaperGallery
@aavegotchi,HanHuiJun
@aavegotchi,@hhj_ghst
@aavegotchi,mattgene.eth Ξ
@aavegotchi,@duke_mattgene
@aavegotchi,dakeAINNLayer2 Tabi
@aavegotchi,@PEdzF4kba3LX7bX
@aavegotchi,Deeper Clean LLC
@aavegotchi,@deepercleanllc
@aavegotchi,Zaunziᵍᵍ
@aavegotchi,@0xZaunzi
@aavegotchi,"stomper.lens (, )"
@aavegotchi,@farmeroncrypto
@aavegotchi,A.C.E.
@aavegotchi,@8hcraft
@aavegotchi,creambunny
@aavegotchi,@creambunny
@aavegotchi,Blackodack
@aavegotchi,@blackodakz
@aavegotchi,BenJamin Steele
@aavegotchi,@Benn_Bullish
@aavegotchi,arunphilips
@aavegotchi,@arunphilips
@aavegotchi,akbas.eth
@aavegotchi,@0xAkbas
@aavegotchi,Transistor
@aavegotchi,@Tr4nsistor
@aavegotchi,GFA - z_tef
@aavegotchi,@universtef_
@aavegotchi,litepiglet //
@aavegotchi,@litepiglet
@aavegotchi,Crypto Polls
@aavegotchi,@DigitalCoinsCo1
@aavegotchi,Schnitzeldeath
@aavegotchi,@SchnitzeldeathX
@aavegotchi,cryptopia.eth
@aavegotchi,@Gallizle1
@aavegotchi,internetfase
@aavegotchi,@internetfase
@aavegotchi,chair OP4
@aavegotchi,@vrycmfy
@aavegotchi,Mitchomat
@aavegotchi,@Michael85002632
@aavegotchi,Joker.pcc.eth
@aavegotchi,@Siiiiinger
@aavegotchi,Rigo J Mortis
@aavegotchi,@RigoJMortis
@aavegotchi,engotti.eth
@aavegotchi,@engotti_
@aavegotchi,VTD
@aavegotchi,@vtdung1310
@aavegotchi,NFTimmy
@aavegotchi,@NFTimmy
@aavegotchi,"MisterSeb.lens |Gamescom 2024 () (, )"
@aavegotchi,@Mister___Seb
@based_minecraft,629.eth
@based_minecraft,@BrianLaFevre3
@based_minecraft,0xcnr
@based_minecraft,@0xcnr0
@based_minecraft,Manish
@based_minecraft,@AsianCryptoLord
@based_minecraft,Air
@based_minecraft,@majinair
@based_minecraft,LayerZero Labs
@based_minecraft,@LayerZero_Labs
@based_minecraft,jamesfinnerty.base.eth
@based_minecraft,@jjamesfinnertyy
@based_minecraft,Baffy eth
@based_minecraft,@Baffyeth
@based_minecraft,MIKEHUNTsolana
@based_minecraft,@MIKEHUNTsolana
@based_minecraft,Doctor PEPE
@based_minecraft,@SolDoctorPepe
@based_minecraft,Weeping Plebs
@based_minecraft,@WeepingPlebs
@based_minecraft,Moonsters
@based_minecraft,@MoonstersWeb3x
@based_minecraft,RoosterBrooster
@based_minecraft,@RoosterBr00ster
@based_minecraft,Sol Saver
@based_minecraft,@TheSolSaverX
@based_minecraft,pizza.base.eth
@based_minecraft,@DeFiDough
@based_minecraft,Broke bruh
@based_minecraft,@Whyamipoor
@based_minecraft,Percy on Base
@based_minecraft,@BasedPercy
@based_minecraft,Nessie
@based_minecraft,@nessieonbase
@based_minecraft,𝐊ing Ahmed |₿|
@based_minecraft,@_KingAhmed01
@based_minecraft,Friendo on Base
@based_minecraft,@Friendo_Base
@based_minecraft,Tommy
@based_minecraft,@Nvr4getThisPfP
@based_minecraft,Grug
@based_minecraft,@grugnorug
@based_minecraft,Based Freaks
@based_minecraft,@BasedFreaksNFT
@based_minecraft,Mrs Miggles
@based_minecraft,@MrsMiggles_Base
@based_minecraft,Engr Gudbee
@based_minecraft,@Engr_gudbee
@based_minecraft,RYFT
@based_minecraft,@EntertheRYFT
@based_minecraft,Alec James
@based_minecraft,@0xAlecJames
@based_minecraft,moon.it.com
@based_minecraft,@moondotit
@based_minecraft,Golden State Warriors
@based_minecraft,@warriors
@based_minecraft,LasVegasBarbie
@based_minecraft,@LasVegasBarbie
@based_minecraft,Luckytrades
@based_minecraft,@Luckytradess
@based_minecraft,Burgoyne.eth
@based_minecraft,@Parabolic6201
@based_minecraft,Crypto insidor
@based_minecraft,@Will_mainman
@based_minecraft,Bird.ETH
@based_minecraft,@BIRDNFT
@based_minecraft,kidsBubBubby
@based_minecraft,@BubKids
@based_minecraft,Bobby Bruin | Merlin | B137
@based_minecraft,@UCLAconfessions
@based_minecraft,田中（仮名）公式アカウント NFTARMY
@based_minecraft,@tanakakakokamei
@based_minecraft,Sachin Bral
@based_minecraft,@BralSachin8281
@based_minecraft,mostafa barzagar NFTARMY $ODY
@based_minecraft,@mareachi2951
@based_minecraft,Towfiqur Rahman
@based_minecraft,@BitcoinAbbu
@based_minecraft,HighOnLife
@based_minecraft,@SuitMySoul
@based_minecraft,RIndodax $MON $BEYOND $Block $RCADE
@based_minecraft,@RIndodax
@based_minecraft,Angus Taylor
@based_minecraft,@AngusTaylo51711
@based_minecraft,MAD | NFT Marketplace
@based_minecraft,@MADNFTS_IO
@based_minecraft,Dubie Jr
@based_minecraft,@jrdubieakapier
@based_minecraft,ricebean
@based_minecraft,@rice_bean_
@based_minecraft,arnold gamboa $FRNZ
@based_minecraft,@arnoldgamb18646
@based_minecraft,Ezbek.eth
@based_minecraft,@ezbek_official
@based_minecraft,seven-teen
@based_minecraft,@JudeOlowu1
@based_minecraft,Meliodus.eth
@based_minecraft,@Meliodus_eth
@based_minecraft,Kitorzo
@based_minecraft,@Kitorzo
@DoomerOnBaseCTO,aneri.base.eth
@DoomerOnBaseCTO,@0xAneri
@DoomerOnBaseCTO,Onchain Summit San Francisco
@DoomerOnBaseCTO,@onchainsf
@DoomerOnBaseCTO,Coinbase Wallet
@DoomerOnBaseCTO,@CoinbaseWallet
@DoomerOnBaseCTO,PAAL AI
@DoomerOnBaseCTO,@PaalMind
@DoomerOnBaseCTO,Base
@DoomerOnBaseCTO,@base
@DoomerOnBaseCTO,Coinbase
@DoomerOnBaseCTO,@coinbase
@DoomerOnBaseCTO,jesse.base.eth
@DoomerOnBaseCTO,@jessepollak
@DoomerOnBaseCTO,Brian Armstrong
@DoomerOnBaseCTO,@brian_armstrong
@DoomerOnBaseCTO,Elon Musk
@DoomerOnBaseCTO,@elonmusk
@majinair,Luke Roar
@majinair,@Roarwtf
@majinair,paul y.
@majinair,@asian1x
@majinair,Caden
@majinair,@CadenWeb3
@majinair,Agent Bunny
@majinair,@BailoutBunny
@majinair,kujalu
@majinair,@Kujalu
@majinair,Kytro
@majinair,@xkytro
@majinair,sound
@majinair,@soundvz
@majinair,limit hp
@majinair,@Habibitor
@majinair,Limit Social | PC Tweaker
@majinair,@TweaksSocial
@majinair,assault blazify (80 ping guy)
@majinair,@BlazifyWRLD
@majinair,limit zenn
@majinair,@wyazenn
@majinair,FactZ
@majinair,@Factzbtw
@majinair,Vico
@majinair,@VicoWYD
@majinair,Ignas Survila
@majinair,@isurvila
@majinair,basedmc.base.eth
@majinair,@based_minecraft
@majinair,ProperTease
@majinair,@ProperFed
@majinair,Kas Vegas
@majinair,@kas__vegas
@majinair,Waldo Forrealz
@majinair,@waldoforrealz
@majinair,BaseJump
@majinair,@basejumpdotpro
@majinair,Peezy's Manager
@majinair,@Mando_Ethan
@majinair,Blue Social
@majinair,@BlueSocialApp
@majinair,Lew Langer
@majinair,@Lew_Langer
@majinair,Yanyan L
@majinair,@yanyanista
@majinair,Secret Base
@majinair,@BaseSecretBase
@majinair,Memstagram
@majinair,@Memstagram_com
@majinair,MAGA TRUMP
@majinair,@MAGATRUMPONBASE
@majinair,DOOMER
@majinair,@DoomerOnBaseCTO
@majinair,Praveen Sentha
@majinair,@pravish2002
@majinair,Zach Humphries
@majinair,@Z_Humphries
@majinair,Grif
@majinair,@Grif_gg
@majinair,Women on Base
@majinair,@womenonbase
@majinair,Cindy Manit
@majinair,@cindymanit
@majinair,Akook
@majinair,@Akuk536357
@majinair,RachelOnchain.eth
@majinair,@RachelOnchain
@majinair,OddCobra10 $DOOMER
@majinair,@OddCobra10
@majinair,RaMpAGe
@majinair,@Rampage_Calls
@majinair,MartyMcfly91
@majinair,@MMcfly91
@majinair,THEA.
@majinair,@thea_villasol
@majinair,Rotsi
@majinair,@jacketson
@majinair,MUMU THE BULL
@majinair,@mumu_bull
@majinair,Zander
@majinair,@web3zander
@majinair,Juls
@majinair,@Juls0x
@majinair,Lucas
@majinair,@lucasw99
@majinair,The Lawlers
@majinair,@TheLawlers
@majinair,Rob Doebelin
@majinair,@RobDoebelin
@majinair,L Rock Hubbard
@majinair,@LROCKNYC
@majinair,Bolide
@majinair,@bolide_app
@majinair,Peplo Escobar
@majinair,@basedpeplo
@majinair,MEL
@majinair,@melimeen
@majinair,Kaylazgotnofilter
@majinair,@Kaylazgotnofil1
@majinair,Crypto Jee
@majinair,@CryptoJee_
@majinair,LasVegasBarbie
@majinair,@LasVegasBarbie
@majinair,Grill God
@majinair,@preheat_grill
@majinair,Peaky
@majinair,@peakyaltcoins
@majinair,Henok
@majinair,@henokcrypto
@majinair,𝗢𝗠𝗚𝗶𝗻𝗮.𝗲𝘁𝗵 ♡
@majinair,@OMGinaeth
@majinair,Being Based
@majinair,@BeingBasedIO
@majinair,RECORDIAN
@majinair,@Recordian_Music
@majinair,Bullish
@majinair,@TheBullishTradR
@majinair,PHNX Rising $BOOMER
@majinair,@PHNXRising777
@majinair,$XMAGA
@majinair,@XMAGA_ETH
@majinair,Bella Dorma
@majinair,@BellaArtszz
@majinair,Burning Man ETH
@majinair,@burningman_eth
@BasedFatherPepe,UKCrypto Queen
@BasedFatherPepe,@ukcryptoqueen
@BasedFatherPepe,I follow based women
@BasedFatherPepe,@BasedWomen
@BasedFatherPepe,Blake Adams
@BasedFatherPepe,@BlakeyAd
@BasedFatherPepe,Bolide
@BasedFatherPepe,@bolide_app
@BasedFatherPepe,MAGA TRUMP
@BasedFatherPepe,@MAGATRUMPONBASE
@BasedFatherPepe,Erequendi
@BasedFatherPepe,@Erequendi_NFT
@BasedFatherPepe,Tyler
@BasedFatherPepe,@sendtyler
@BasedFatherPepe,Memstagram
@BasedFatherPepe,@Memstagram_com
@BasedFatherPepe,Pantheons Podcast
@BasedFatherPepe,@Pantheonspod
@BasedFatherPepe,Purely Based
@BasedFatherPepe,@PurelyBaseChain
@BasedFatherPepe,Diana Sanchez
@BasedFatherPepe,@DianaSanchez_04
@BasedFatherPepe,CryptoKingLuis
@BasedFatherPepe,@TheRealLuisSan
@BasedFatherPepe,Catholic/Crypto Network
@BasedFatherPepe,@CatholicCrypto_
@BasedFatherPepe,Flooz
@BasedFatherPepe,@flooz_xyz
@BasedFatherPepe,Argon
@BasedFatherPepe,@ArgonBerries
@BasedFatherPepe,PR RUSS (The WhaleWolf)
@BasedFatherPepe,@PhilRussell_
@BasedFatherPepe,Kraeee3
@BasedFatherPepe,@sauce3k
@BasedFatherPepe,MadApes
@BasedFatherPepe,@madapescall
@BasedFatherPepe,Papa Pepe
@BasedFatherPepe,@freedomoffruits
@BasedFatherPepe,Billy
@BasedFatherPepe,@wajid49934
@BasedFatherPepe,AtomeDeCuivre
@BasedFatherPepe,@Nicolas62805509
@BasedFatherPepe,DexStar
@BasedFatherPepe,@Habibi78787
@BasedFatherPepe,Raw
@BasedFatherPepe,@xRAW_FISHx
@BasedFatherPepe,Lew Langer
@BasedFatherPepe,@Lew_Langer
@BasedFatherPepe,All Your Base Are Belong To Us
@BasedFatherPepe,@AllYourBase_AYB
@BasedFatherPepe,Harry Ehrlich
@BasedFatherPepe,@HarryFriendo
@BasedFatherPepe,Mr Burnz
@BasedFatherPepe,@mrburnzonbase
@BasedFatherPepe,Friendo on Base
@BasedFatherPepe,@Friendo_Base
@BasedFatherPepe,Weirdo
@BasedFatherPepe,@weirdoBase
@BasedFatherPepe,Nicolas Riera
@BasedFatherPepe,@nico_riera
@BasedFatherPepe,Quigley.eth
@BasedFatherPepe,@QuigleyNFT
@BasedFatherPepe,Daddy
@BasedFatherPepe,@DaddyOnBase
@BasedFatherPepe,Grillhou5e
@BasedFatherPepe,@grillhou5e
@BasedFatherPepe,Chintan Turakhia
@BasedFatherPepe,@chintanturakhia
@BasedFatherPepe,ROOR.io
@BasedFatherPepe,@roor_io
@BasedFatherPepe,kevin
@BasedFatherPepe,@kevinebest
@BasedFatherPepe,Bitcoin on Base
@BasedFatherPepe,@BTC_On_Base
@BasedFatherPepe,$BOOMER
@BasedFatherPepe,@BoomerOnBase
@BasedFatherPepe,Walter The Doggo
@BasedFatherPepe,@BaseWalterDoggo
@BasedFatherPepe,Rob Doebelin
@BasedFatherPepe,@RobDoebelin
@BasedFatherPepe,Onchain Summit San Francisco
@BasedFatherPepe,@onchainsf
@BasedFatherPepe,BasedMemes
@BasedFatherPepe,@BasedMemeCoins
@BasedFatherPepe,Stoney
@BasedFatherPepe,@Stoney204
@BasedFatherPepe,Rhino
@BasedFatherPepe,@Rhinoblaster1
@BasedFatherPepe,Coinstages
@BasedFatherPepe,@Coinstages
@BasedFatherPepe,Russell Brand
@BasedFatherPepe,@rustyrockets
@BasedFatherPepe,Mario Nawfal’s Roundtable
@BasedFatherPepe,@RoundtableSpace
@BasedFatherPepe,Bubblemaps
@BasedFatherPepe,@bubblemaps
@BasedFatherPepe,Coffeezilla
@BasedFatherPepe,@coffeebreak_YT
@BenTodar,MN BRIDGE
@BenTodar,@MN_BRIDGE
@BenTodar,Dating & Money
@BenTodar,@Datingandmoney
@BenTodar,Poloniex Exchange
@BenTodar,@Poloniex
@BenTodar,YIYI_HTX (CE)
@BenTodar,@Ceee333_
@BenTodar,CryptoBaby
@BenTodar,@CryptoAIGirl
@BenTodar,Onlineboss
@BenTodar,@Onlineboss_
@BenTodar,skef
@BenTodar,@skef30
@BenTodar,没睡醒醒Crypto
@BenTodar,@meishuixing03
@BenTodar,مريم حسين ♛
@BenTodar,@Queen_Maryoum
@BenTodar,TØMMY
@BenTodar,@Olofintila_1
@BenTodar,Yenni
@BenTodar,@Yennii56
@BenTodar,AJM
@BenTodar,@AJ__912
@BenTodar,𝑪𝑶𝑰𝑵𝑶𝑳𝑶𝑮
@BenTodar,@Coinolog35
@BenTodar,Ken O'Keefe
@BenTodar,@KenOKeefe1TJP
@BenTodar,HUSTLER BOE
@BenTodar,@cryptorboe
@BenTodar,Mega Ape
@BenTodar,@MegaApe_
@BenTodar,Dylan.Eth
@BenTodar,@dylansdegens
@BenTodar,Solar Cats (TRX)
@BenTodar,@solar_cats
@BenTodar,JAKE
@BenTodar,@JakeGagain
@BenTodar,Friend
@BenTodar,@witAPEs
@BenTodar,LEMONCHILD .BNB
@BenTodar,@Shillprofessor_
@BenTodar,A R N E L
@BenTodar,@BHC_Arnel
@BenTodar,Steve_Sol
@BenTodar,@Steve_sol_ofc
@BenTodar,MiniWhale-M1
@BenTodar,@MiniwhaleM1
@BenTodar,degenbarbie
@BenTodar,@degenbarbie
@BenTodar,SunPump
@BenTodar,@sunpumpmeme
@BenTodar,Iced
@BenTodar,@IcedKnife
@BenTodar,LandWolf
@BenTodar,@TheBoysClubWolf
@emilyraustin,NetsKingdom
@emilyraustin,@NetsKingdomAJ
@emilyraustin,Eddie Gonzalez
@emilyraustin,@bansky
@emilyraustin,Matt Brooks
@emilyraustin,@MattBrooksNBA
@emilyraustin,Brandon
@emilyraustin,@BLCity5
@emilyraustin,𝘾𝙤𝙖𝙘𝙝 𝙎𝙝𝙪𝙗𝙝 ⁶𓅓
@emilyraustin,@OVOLakeShow
@emilyraustin,Kristian Winfield
@emilyraustin,@Krisplashed
@emilyraustin,J from BK
@emilyraustin,@JfromBk
@emilyraustin,Chris Milholen
@emilyraustin,@ChrisMilholen
@emilyraustin,Billy Reinhardt
@emilyraustin,@BillyReinhardt
@emilyraustin,Jac Manuell (CT & Clowney Obsessed)
@emilyraustin,@JacManuell
@emilyraustin,Brian Lewis
@emilyraustin,@NYPost_Lewis
@emilyraustin,Brandon “Scoop B” Robinson
@emilyraustin,@ScoopB
@emilyraustin,Anthony Puccio
@emilyraustin,@APOOCH
@emilyraustin,Erik Slater
@emilyraustin,@erikslater_
@emilyraustin,Alec Sturm
@emilyraustin,@Alec_Sturm
@emilyraustin,Kashpiracies & Flopaganda
@emilyraustin,@KassiusRansom
@emilyraustin,Maliika Walker
@emilyraustin,@maliikawalker
@emilyraustin,Chris
@emilyraustin,@HoopSpaces
@emilyraustin,Doug Norrie
@emilyraustin,@DougNorrie
@emilyraustin,Coach Rome
@emilyraustin,@Rome_Beast
@emilyraustin,יונה לייבזון yuna leibzon
@emilyraustin,@YunaLeibzon
@emilyraustin,John Cardillo
@emilyraustin,@johncardillo
@emilyraustin,Marina Medvin
@emilyraustin,@MarinaMedvin
@emilyraustin,Danny Gold
@emilyraustin,@DGisSERIOUS
@emilyraustin,Adam Goldman
@emilyraustin,@admgoldman
@emilyraustin,Fatima J ن
@emilyraustin,@LadyLevant822
@emilyraustin,Hassey
@emilyraustin,@hasseynz
@emilyraustin,Nima Yamini
@emilyraustin,@NimaYamini
@emilyraustin,kache
@emilyraustin,@yacineMTB
@emilyraustin,Dr. Maalouf
@emilyraustin,@realMaalouf
@emilyraustin,Jason Stine
@emilyraustin,@JasonMStine
@emilyraustin,اسلام الدبوبي-Sam Dabaibeh
@emilyraustin,@Dabaibeh2
@emilyraustin,Bad antizionist takes
@emilyraustin,@antiantizionist
@emilyraustin,Drew Pavlou
@emilyraustin,@DrewPavlou
@emilyraustin,Chito | Content Creator
@emilyraustin,@ChitoGamingLive
@emilyraustin,Elizabeth Pipko
@emilyraustin,@elizabethpipko
@emilyraustin,Adam Boehler
@emilyraustin,@aboehler
@emilyraustin,Laibel Weiner
@emilyraustin,@LaibelWeiner
@emilyraustin,Trump War Room
@emilyraustin,@TrumpWarRoom
@emilyraustin,I Meme Therefore I Am
@emilyraustin,@ImMeme0
@emilyraustin,Vivid.
@emilyraustin,@VividProwess
@emilyraustin,Talia Khan
@emilyraustin,@TaliaKhan_MIT
@emilyraustin,Jennifer Lynn Lawrence
@emilyraustin,@JenLawrence21
@emilyraustin,Jon Banner
@emilyraustin,@jon_banner1
@emilyraustin,Amir Tsarfati
@emilyraustin,@beholdisrael
@emilyraustin,Donald J. Trump - Parody
@emilyraustin,@realDonParody
@emilyraustin,Kassy Akiva
@emilyraustin,@KassyAkiva
@emilyraustin,Marissa Streit
@emilyraustin,@streitmarissa
@emilyraustin,You and I
@emilyraustin,@cuteofcouples
@emilyraustin,Lauren Kagan
@emilyraustin,@LaurenKagan
@emilyraustin,Codie Sanchez
@emilyraustin,@Codie_Sanchez
@emilyraustin,Chris Kelly | ckelly.eth
@emilyraustin,@thatchriskelly
@emilyraustin,Ofer Yannay
@emilyraustin,@YannayOfer
@emilyraustin,The PorterWay Podcast
@emilyraustin,@ThePorterWayPod
@emilyraustin,ShowtimeShawn Porter
@emilyraustin,@ShowtimeShawnP
@emilyraustin,Jayson Littman
@emilyraustin,@JaysonLittman
@emilyraustin,"Dr. Peter A Singer, OC"
@emilyraustin,@PeterASinger
@emilyraustin,Mickaël Szerman
@emilyraustin,@m_szerman
@emilyraustin,Mark Dubowitz
@emilyraustin,@mdubowitz
@emilyraustin,Jim Dolbow
@emilyraustin,@JimDolbow
@emilyraustin,Mike Chiari
@emilyraustin,@MikeChiari
@emilyraustin,TURKI ALALSHIKH
@emilyraustin,@Turki_alalshikh
@emilyraustin,Boaz Hepner
@emilyraustin,@boazhepner
@emilyraustin,Jacob Helberg
@emilyraustin,@jacobhelberg
@emilyraustin,Boxing Social
@emilyraustin,@boxing_social
@emilyraustin,Steve Boxman
@emilyraustin,@SteveBoxman
@emilyraustin,jaideep unnithan
@emilyraustin,@kuroobi2010
@emilyraustin,Luai Ahmed
@emilyraustin,@JustLuai
@emilyraustin,Boxing Kingdom
@emilyraustin,@BoxingKingdom14
@emilyraustin,Ade Oladipo
@emilyraustin,@ade_oladipo1
@cousincrypt0,Mayne
@cousincrypt0,@Tradermayne
@cousincrypt0,RookieXBT
@cousincrypt0,@RookieXBT
@cousincrypt0,WIZZ ( beware scammers )
@cousincrypt0,@CryptoWizardd
@cousincrypt0,Cold Blooded Shiller
@cousincrypt0,@ColdBloodShill
@cousincrypt0,moon
@cousincrypt0,@MoonOverlord
@cousincrypt0,The Crypto Dog
@cousincrypt0,@TheCryptoDog
@cousincrypt0,Muro
@cousincrypt0,@MuroCrypto
@cousincrypt0,icebergy
@cousincrypt0,@icebergy_
@cousincrypt0,SalsaTekila
@cousincrypt0,@SalsaTekila
@cousincrypt0,loomdart - Holy War Arc
@cousincrypt0,@loomdart
@cousincrypt0,Bagsy
@cousincrypt0,@Bagsy
@cousincrypt0,tradinglord
@cousincrypt0,@tradinglord
@cousincrypt0,//Bitcoin 𝕵ack
@cousincrypt0,@BTC_JackSparrow
@cousincrypt0,Bluntz
@cousincrypt0,@Bluntz_Capital
@cousincrypt0,KJ Crypto
@cousincrypt0,@koreanjewcrypto
@cousincrypt0,Don't follow Shardi B if you hate Money
@cousincrypt0,@ShardiB2
@cousincrypt0,Devchart
@cousincrypt0,@devchart
@cousincrypt0,krillin ॐ
@cousincrypt0,@LSDinmycoffee
@cousincrypt0,Cæsar
@cousincrypt0,@PARABOLIT
@cousincrypt0,Rager
@cousincrypt0,@Rager
@cousincrypt0,lunaei
@cousincrypt0,@lunaei11
@cousincrypt0,6ix9ine
@cousincrypt0,@6ix9ine
@cousincrypt0,Pepper
@cousincrypt0,@CryptopepperP
@cousincrypt0,van00sa
@cousincrypt0,@van00sa
@cousincrypt0,Radar
@cousincrypt0,@RadarHits
@cousincrypt0,Visegrád 24
@cousincrypt0,@visegrad24
@cousincrypt0,0xDMG
@cousincrypt0,@0x_dmg
@cousincrypt0,TravelSwap
@cousincrypt0,@TravelSwap_xyz
@cousincrypt0,Erik
@cousincrypt0,@ErikAstramecki
@cousincrypt0,Jacked Italian
@cousincrypt0,@ItalianJacked
@cousincrypt0,Shuffle.com
@cousincrypt0,@shufflecom
@cousincrypt0,ShitpostGateway
@cousincrypt0,@ShitpostGate
@cousincrypt0,Hayes Grier
@cousincrypt0,@HayesGrier
@cousincrypt0,Momin Saqib
@cousincrypt0,@mominsaqib
@cousincrypt0,Tree News
@cousincrypt0,@News_Of_Alpha
@cousincrypt0,Simon's Cat Token
@cousincrypt0,@SimonsCatMeme
@cousincrypt0,Ted
@cousincrypt0,@TedPillows
@cousincrypt0,DDG
@cousincrypt0,@PontiacMadeDDG
@cousincrypt0,GetMickRich
@cousincrypt0,@NFTmickrich
@cousincrypt0,MEW
@cousincrypt0,@MewsWorld
@cousincrypt0,Motoswap
@cousincrypt0,@MotoswapBTC
@cousincrypt0,Coinbase Traders
@cousincrypt0,@coinbasetraders
@cousincrypt0,Fred again..
@cousincrypt0,@fredagainagain1
@cousincrypt0,sugs
@cousincrypt0,@__sugs
@cousincrypt0,Crypto AI mania
@cousincrypt0,@RendermanAI
@cousincrypt0,","
@cousincrypt0,@Zvbear
@cousincrypt0,TOGI
@cousincrypt0,@ShaneStoffer
@cousincrypt0,J
@cousincrypt0,@jmbynx
@cousincrypt0,wallstreetbets
@cousincrypt0,@wallstreetbets
@cousincrypt0,Tarded Degen Gambler
@cousincrypt0,@0xTDG
@cousincrypt0,LowIQ poor
@cousincrypt0,@LowIQPoor
@cousincrypt0,wrld
@cousincrypt0,@wrld_sol
@cousincrypt0,MUMU THE BULL
@cousincrypt0,@mumu_bull
@cousincrypt0,Murad
@cousincrypt0,@MustStopMurad
@cousincrypt0,Flood
@cousincrypt0,@ThinkingUSD
@cousincrypt0,PeiPei
@cousincrypt0,@Peipeierc20
@cousincrypt0,DeeZe
@cousincrypt0,@DeeZe
@cousincrypt0,BabyPepe (PEPER)
@cousincrypt0,@PeperBabyPepe
@cousincrypt0,Habibi (حبيبي)
@cousincrypt0,@habibixyz_sol
@souljaboyplz,Born2Pump
@souljaboyplz,@0xBorn2Pump
@souljaboyplz,YourPOP
@souljaboyplz,@Yourpop8
@souljaboyplz,Gems of Ra
@souljaboyplz,@GemsofRa
@souljaboyplz,Henok
@souljaboyplz,@henokcrypto
@souljaboyplz,฿ $HaMaN
@souljaboyplz,@BiTSHaMMy
@souljaboyplz,Naga
@souljaboyplz,@nagadareal
@souljaboyplz,JAKE
@souljaboyplz,@JakeGagain
@souljaboyplz,Donald J. Trump
@souljaboyplz,@realDonaldTrump
@souljaboyplz,Neiro On Ethereum
@souljaboyplz,@NeiroOnEthereum
@souljaboyplz,NDF
@souljaboyplz,@NFTDefiFutures
@souljaboyplz,Hydraze
@souljaboyplz,@Hydraze420
@souljaboyplz,Exy
@souljaboyplz,@eth_exy
@souljaboyplz,Dean Bulla
@souljaboyplz,@DeanBulla
@souljaboyplz,Luca Netz
@souljaboyplz,@LucaNetz
@souljaboyplz,Dan Folger
@souljaboyplz,@danfolger
@souljaboyplz,cheftommy
@souljaboyplz,@cheftommac
@souljaboyplz,woods.ai
@souljaboyplz,@robw00ds
@souljaboyplz,Ace
@souljaboyplz,@AceAtATH
@souljaboyplz,Degen Danny
@souljaboyplz,@DannyDegens
@souljaboyplz,Duncan
@souljaboyplz,@DegenDuncan
@souljaboyplz,?
@souljaboyplz,@zakhodges5
@souljaboyplz,RENZO
@souljaboyplz,@renzofks
@souljaboyplz,Erik Stevens
@souljaboyplz,@HopiumPapi
@souljaboyplz,Pancake
@souljaboyplz,@PancakeXBT
@souljaboyplz,Bark
@souljaboyplz,@barkmeta
@souljaboyplz,Katuchi
@souljaboyplz,@Katuchi_xyz
@souljaboyplz,investor
@souljaboyplz,@moneymancalls
@souljaboyplz,Satoshi Flipper
@souljaboyplz,@SatoshiFlipper
@souljaboyplz,DANNYCRYPT
@souljaboyplz,@DannyCrypt
@souljaboyplz,Mark
@souljaboyplz,@CryptoMarkETH
@souljaboyplz,Cold
@souljaboyplz,@Cold_xyz
@souljaboyplz,Books
@souljaboyplz,@DaoKwonDo
@souljaboyplz,Astral
@souljaboyplz,@astral_degen
@souljaboyplz,wallstreetbets
@souljaboyplz,@wallstreetbets
@souljaboyplz,PK
@souljaboyplz,@OnChainPK
@souljaboyplz,Nils
@souljaboyplz,@nilsthedegen
@souljaboyplz,shah
@souljaboyplz,@shahh
@souljaboyplz,Kuromi
@souljaboyplz,@0xkuromi
@souljaboyplz,Shmoo
@souljaboyplz,@ShmooNFT
@souljaboyplz,Zaddy
@souljaboyplz,@Zaddy_Fi
@souljaboyplz,Jampzer
@souljaboyplz,@Jampzer
@souljaboyplz,Bilal bin Saqib MBE
@souljaboyplz,@Bilalbinsaqib
@souljaboyplz,ChefDigby
@souljaboyplz,@ChefDigby_
@souljaboyplz,Collectxr
@souljaboyplz,@Collectxrnft
@souljaboyplz,trancey
@souljaboyplz,@tranc3y
@souljaboyplz,ANARCHO•CATBUS
@souljaboyplz,@anarcho_catbus
@souljaboyplz,Veri Fi
@souljaboyplz,@_veri_fi
@souljaboyplz,TARS AI
@souljaboyplz,@tarsprotocol
@MrKillerByte,That Martini Guy
@MrKillerByte,@MartiniGuyYT
@MrKillerByte,Sunrise Trader Bot
@MrKillerByte,@SunriseTronBot
@MrKillerByte,PattyIce
@MrKillerByte,@patty_fi
@MrKillerByte,Sun Wukong
@MrKillerByte,@wukong_trx
@MrKillerByte,Baby Doge
@MrKillerByte,@BabyDogeCoin
@MrKillerByte,6ix9ine
@MrKillerByte,@6ix9ine
@MrKillerByte,The Shib
@MrKillerByte,@TheShibmagazine
@MrKillerByte,Xanders Shib
@MrKillerByte,@ShibaXanders
@MrKillerByte,ShibaSwapDEX
@MrKillerByte,@ShibaSwapDEX
@MrKillerByte,Pulse Digital
@MrKillerByte,@CryptoPulse9
@MrKillerByte,RagnarShib.eth
@MrKillerByte,@RagnarShiba
@MrKillerByte,Shib
@MrKillerByte,@Shibtoken
@MrKillerByte,Neiro On Ethereum
@MrKillerByte,@NeiroOnEthereum
@MrKillerByte,Neiroshi
@MrKillerByte,@TheNeiroshi
@MrKillerByte,Taiki Maeda
@MrKillerByte,@TaikiMaeda2
@MrKillerByte,Paul Sztorc
@MrKillerByte,@Truthcoin
@MrKillerByte,Justin Bram
@MrKillerByte,@JustinCBram
@MrKillerByte,Jordi Alexander
@MrKillerByte,@gametheorizing
@MrKillerByte,Bull Trapper
@MrKillerByte,@bulltrapper0
@MrKillerByte,wishful cynic
@MrKillerByte,@EvgenyGaevoy
@MrKillerByte,Gate Startup
@MrKillerByte,@Gateio_Startup
@MrKillerByte,Jampzer
@MrKillerByte,@Jampzer
@MrKillerByte,BitMart en Español
@MrKillerByte,@BitMart_es
@MrKillerByte,Tate News
@MrKillerByte,@TateNews_
@MrKillerByte,Senzu
@MrKillerByte,@0xSenzu
@MrKillerByte,Sigma
@MrKillerByte,@SigmaTradingBot
@MrKillerByte,Doll
@MrKillerByte,@doge511
@MrKillerByte,Matt Wallace
@MrKillerByte,@MattWallace888
@MrKillerByte,Steve Will Do It
@MrKillerByte,@stevewilldoit
@MrKillerByte,MyDoge
@MrKillerByte,@MyDogeOfficial
@MrKillerByte,LilHumansBigImpact
@MrKillerByte,@BigImpactHumans
@MrKillerByte,Sir Doge of the Coin
@MrKillerByte,@dogeofficialceo
@MrKillerByte,Doge Norway
@MrKillerByte,@DogecoinNorway
@MrKillerByte,vitalik.eth
@MrKillerByte,@VitalikButerin
@MrKillerByte,Dogememegirl
@MrKillerByte,@Dogememegirl
@MrKillerByte,Ale𝕏
@MrKillerByte,@MyDogeCTO
@MrKillerByte,Dogecoin Foundation
@MrKillerByte,@DogecoinFdn
@MrKillerByte,.
@MrKillerByte,@JustinScerini
@MrKillerByte,Mishaboar
@MrKillerByte,@mishaboar
@MrKillerByte,Dogecoin Developers
@MrKillerByte,@dogecoin_devs
@MrKillerByte,Doge Army Calls
@MrKillerByte,@DogeArmyCalls
@MrKillerByte,Dogecoin Rise
@MrKillerByte,@DogecoinRise
@MrKillerByte,DogeDesigner
@MrKillerByte,@cb_doge
@MrKillerByte,Luke Belmar
@MrKillerByte,@lukebelmar
@MrKillerByte,:)
@MrKillerByte,@smileycapital
@MrKillerByte,Crypto Coach
@MrKillerByte,@WisdomMatic
@MrKillerByte,Joshua | MOZAIK
@MrKillerByte,@JoshuaDeuk
@MrKillerByte,Own The Doge
@MrKillerByte,@ownthedoge
@MrKillerByte,かぼすママ
@MrKillerByte,@kabosumama
@MrKillerByte,MD
@MrKillerByte,@mohdx24@Pablo_cro,
@Pablo_cro,Volt Inu
@Pablo_cro,@VoltInuOfficial
@Pablo_cro,Ian Heinisch
@Pablo_cro,@ianheinischmma
@Pablo_cro,Volted Dragons Sailors Club
@Pablo_cro,@VDSC_Official
@Pablo_cro,Bleeves Crypto
@Pablo_cro,@BleevesCrypto
@Pablo_cro,HypeManAlex
@Pablo_cro,@HypeManAlex
@Pablo_cro,December DeMarco
@Pablo_cro,@DecemberDeMarco
@Pablo_cro,Elon Goat Token
@Pablo_cro,@ElonGoatToken
@Pablo_cro,Power Wright
@Pablo_cro,@TheGen35
@Pablo_cro,CryptoChick
@Pablo_cro,@CryptoChick06
@Pablo_cro,Cinthia Tamayo
@Pablo_cro,@cryptolatina111
@Pablo_cro,Webull
@Pablo_cro,@WebullGlobal
@Pablo_cro,BIG CAT
@Pablo_cro,@bigcatsreal
@Pablo_cro,Kareem(VOLTED)
@Pablo_cro,@reem51627980
@Pablo_cro,Jazz.
@Pablo_cro,@ImJazzRoyce
@Pablo_cro,H.E. Justin Sun 孙宇晨(hiring)
@Pablo_cro,@justinsuntron
@Pablo_cro,Ormolus
@Pablo_cro,@ormolusPro
@Pablo_cro,Limitless Ape
@Pablo_cro,@LimitlessAp3
@Pablo_cro,LFGNOW
@Pablo_cro,@LFGNOW1
@Pablo_cro,Sofia Zamolo
@Pablo_cro,@sofizamolo
@Pablo_cro,Unchain
@Pablo_cro,@Joshua75842215
@Pablo_cro,DogeDesigner
@Pablo_cro,@cb_doge
@Pablo_cro,mav
@Pablo_cro,@MissMav87
@Pablo_cro,Sir Doge of the Coin
@Pablo_cro,@dogeofficialceo
@Pablo_cro,Buzz.Shib | Shibarium
@Pablo_cro,@buzzdefi0x
@Pablo_cro,PhantomBP
@Pablo_cro,@PhantomBP_giga
@Pablo_cro,Princess
@Pablo_cro,@loveNpeace42
@Pablo_cro,New America Brand
@Pablo_cro,@newamericabrand
@Pablo_cro,Dabatola
@Pablo_cro,@thedabatola
@Pablo_cro,Josh
@Pablo_cro,@fecktk
@Pablo_cro,TheS◎Lstice
@Pablo_cro,@The__Solstice
@Pablo_cro,Xen Plalism
@Pablo_cro,@PlaIism
@Pablo_cro,Hannah Walker
@Pablo_cro,@HannahCrypto_
@Pablo_cro,The Crypto Empress Memes
@Pablo_cro,@Crypto_Empress_
@Pablo_cro,Mika
@Pablo_cro,@mikadontlouz
@Pablo_cro,Haliey Welch
@Pablo_cro,@HalieyWelchX
@Pablo_cro,Crypto.com Arena
@Pablo_cro,@cryptocomarena
@Pablo_cro,Crypto.com NFT
@Pablo_cro,@cryptocomnft
@Pablo_cro,Gate Live
@Pablo_cro,@GateioLive
@Pablo_cro,LFGO Community
@Pablo_cro,@LFGOcommunity
@Pablo_cro,Crypto.com DeFi Wallet
@Pablo_cro,@defi_wallet
@Pablo_cro,$POPDOG
@Pablo_cro,@POPDOGsolcoin
@Pablo_cro,ZackFromSubway.Eth
@Pablo_cro,@CryptoMan1015
@Pablo_cro,PaidXPO.io
@Pablo_cro,@PaidXpo
@Pablo_cro,Diana Sanchez
@Pablo_cro,@DianaSanchez_04
@Pablo_cro,MOON KING B-ROOTS
@Pablo_cro,@iambroots
@Pablo_cro,Sarah Green
@Pablo_cro,@Sarah_GreenOk
@Pablo_cro,Crypto Senpai
@Pablo_cro,@Crypto_Senpaii
@Pablo_cro,Doria｜Gate Labs
@Pablo_cro,@Doriaa8989
@Pablo_cro,SPIKE on ETH
@Pablo_cro,@SpikeFurie
@Pablo_cro,Blockchain Fernsby
@Pablo_cro,@cryptofernsby
@Pablo_cro,Davinci Jeremie
@Pablo_cro,@Davincij15
@Pablo_cro,LEO Lee
@Pablo_cro,@leoleeBe
@Pablo_cro,(α) iluuminate (68%)
@Pablo_cro,(α) iluuminate
@Pablo_cro,(68%)
@Pablo_cro,@luuminize
@Pablo_cro,Nick O’Neill
@Pablo_cro,@chooserich
@Pablo_cro,Chris | K&W Experience
@Pablo_cro,@cgarcia_kwe
@Pablo_cro,Zero Gravity Studio
@Pablo_cro,@ZeroGravity_Std
@Pablo_cro,smallcapCRYPTO
@Pablo_cro,@CryptoSmallcap
@Pablo_cro,Charles Hoskinson
@Pablo_cro,@IOHK_Charles
@Pablo_cro,Zypto App
@Pablo_cro,@ZyptoApp
@Pablo_cro,Inu Lover
@Pablo_cro,Inu
@Pablo_cro,Lover
@Pablo_cro,@Crypto_Slayer0
@Pablo_cro,Cyberscope Announcements
@Pablo_cro,@cyberscope_ann
@Davincij15,MMCrypto
@Davincij15,@MMCrypto
@Davincij15,The Moon
@Davincij15,@TheMoonCarl
@Davincij15,Altcoin Daily
@Davincij15,@AltcoinDailyio
@Davincij15,Crypto Rover
@Davincij15,@rovercrc
@Davincij15,That Martini Guy
@Davincij15,@MartiniGuyYT
@Davincij15,Lark Davis
@Davincij15,@TheCryptoLark
@Davincij15,Dan Held
@Davincij15,@danheld
@Davincij15,CryptoJack
@Davincij15,@cryptojack
@Davincij15,sunnydecree
@Davincij15,@sunnydecree
@Davincij15,Ivan on Tech Moralis
@Davincij15,Ivan on Tech
@Davincij15,Moralis
@Davincij15,@IvanOnTech
@Davincij15,Eunice D Wong
@Davincij15,@Eunicedwong
@Davincij15,Kevin Svenson
@Davincij15,@KevinSvenson_
@Davincij15,Thomas Kralow
@Davincij15,@TKralow
@Davincij15,James CryptoGuru
@Davincij15,@Jamyies
@Davincij15,VLaunch
@Davincij15,@VLaunchCOM
@Davincij15,CryptoMo
@Davincij15,@CryptoMo
@Davincij15,Crypto Bratan
@Davincij15,@cryptobratan1
@Davincij15,Alexa Crypto
@Davincij15,@alexacrypto_
@Davincij15,Steve Courtney ~ Crypto Crew University
@Davincij15,@CryptoCrewU
@Davincij15,Randi Hipper
@Davincij15,@missteencrypto
@Davincij15,ApeX Protocol
@Davincij15,@OfficialApeXdex
@Davincij15,ONIGIRI
@Davincij15,@OnigiriCat_ERC
@Davincij15,Mario Nawfal’s Roundtable
@Davincij15,@RoundtableSpace
@Davincij15,Benjamin Cowen
@Davincij15,@intocryptoverse
@Davincij15,ZUBY:
@Davincij15,@ZubyMusic
@Davincij15,Pink Hood Froglicker
@Davincij15,@FroglicCoin
@Davincij15,Monkey_Shit_Inu (MSI)
@Davincij15,@Monkey_Shit_inu
@Davincij15,PeiPei
@Davincij15,@Peipeierc20
@Davincij15,Moon Dev
@Davincij15,@MoonDevOnYT
@Davincij15,ORC
@Davincij15,@OrcSolana
@Davincij15,Nyan
@Davincij15,@NyanGems
@Davincij15,BarbieCrypto
@Davincij15,@barbief70524888
@Davincij15,El Presidente
@Davincij15,@Elpresidente818
@Davincij15,CryptoLucie加密露西
@Davincij15,@CryptoLucie
@Davincij15,Crypto King.eth.sol
@Davincij15,Crypto King
@Davincij15,.eth.sol
@Davincij15,@cryptosanthoshK
@Davincij15,Brett
@Davincij15,@BasedBrett
@Davincij15,UNITE AMERICA
@Davincij15,@Unite__America
@Davincij15,Crypto Gems
@Davincij15,@cryptogems_
@Davincij15,Lady M
@Davincij15,@CryptoLady_M
@Davincij15,100x Altcoin Gems
@Davincij15,@100xAltcoinGems
@Davincij15,Event Horizon
@Davincij15,@EventHorizonDEX
@Davincij15,$DVINCI
@Davincij15,@DvinciCTO
@Davincij15,Soul Labs
@Davincij15,@0xSoulProtocol
@Davincij15,Waffles Davincij15's Cat
@Davincij15,@Wafflesj15
@Davincij15,Roaring Kitty
@Davincij15,@TheRoaringKitty
@Davincij15,Gokhshtein
@Davincij15,@gokhshtein
@Davincij15,Crypto Tea
@Davincij15,@CryptoTea_
@Davincij15,Maya
@Davincij15,@mayanicks0x
@Davincij15,RENZO
@Davincij15,@renzofks
@Davincij15,sk (locked in arc)
@Davincij15,@retiredroadman
@Davincij15,0xfun
@Davincij15,@0xfunin
@Davincij15,Katherine
@Davincij15,@Katherine_XBT
@Davincij15,cryptokian
@Davincij15,@cryptokian_
@Davincij15,Shai Deshe Wybors𐤊i (大胡子)
@Davincij15,Shai
@Davincij15,Deshe
@Davincij15,Wybors𐤊i
@Davincij15,(大胡子)
@Davincij15,@DesheShai
@Davincij15,Melanie
@Davincij15,@_Bybit_Mel_
@Davincij15,Maria Andersen | Crypto YouTuber & NFT Collector
@Davincij15,@MariaAndersenM
@Davincij15,internet hall of fame
@Davincij15,@InternetH0F
@Davincij15,Toobit
@Davincij15,@Toobit_official
@Davincij15,Colana
@Davincij15,@Colana_on_Sol
@Davincij15,Ponke
@Davincij15,@ponkesol
@Davincij15,Arts DAO
@Davincij15,@arts_dao
@Davincij15,Crypto Gossip Girl
@Davincij15,@annakimmysen
@Davincij15,CoinW
@Davincij15,@CoinWOfficial
@Davincij15,BRN Metaverse
@Davincij15,@BrnMetaverse
@cryptosecretspy,⬣ SMOspider.pls ⬣
@cryptosecretspy,@SMOspider
@cryptosecretspy,gerardo.pls
@cryptosecretspy,@gerawrdog
@cryptosecretspy,Dylan HEXistany
@cryptosecretspy,@bb_trippin
@cryptosecretspy,H.E. Justin Sun 孙宇晨(hiring)
@cryptosecretspy,@justinsuntron
@cryptosecretspy,OrangeMan
@cryptosecretspy,@rektpleb5555
@cryptosecretspy,Teejeh
@cryptosecretspy,@notTeejeh
@cryptosecretspy,6ix9ine
@cryptosecretspy,@6ix9ine
@cryptosecretspy,NEWtwo on PulseChain
@cryptosecretspy,@pNEWtwo
@cryptosecretspy,Brightlight57
@cryptosecretspy,@redray57
@cryptosecretspy,Crypto Banter
@cryptosecretspy,@crypto_banter
@cryptosecretspy,Donald J. Trump
@cryptosecretspy,@realDonaldTrump
@cryptosecretspy,whale.pls
@cryptosecretspy,@0xpulsewhale
@cryptosecretspy,0xHums
@cryptosecretspy,@0xHumsWous
@cryptosecretspy,Toshi.bet
@cryptosecretspy,@toshi_bet
@cryptosecretspy,CryptoProfeta
@cryptosecretspy,@Cryptoprofeta1
@cryptosecretspy,adin
@cryptosecretspy,@adinross
@cryptosecretspy,"Mr. Frog, (Road to Redemption Arc)"
@cryptosecretspy,@TheMisterFrog
@cryptosecretspy,Cryptopher
@cryptosecretspy,@Christoff832
@cryptosecretspy,Nate McGet-It
@cryptosecretspy,@AscendingMan369
@cryptosecretspy,whisper
@cryptosecretspy,@whisperchad
@cryptosecretspy,UltraBoolish
@cryptosecretspy,@UltraBoolish
@cryptosecretspy,ThatBodyMechanic
@cryptosecretspy,@DeeGeeTBM
@cryptosecretspy,Hex4life
@cryptosecretspy,@therealHex4life
@cryptosecretspy,ANΦN
@cryptosecretspy,@anon_rip
@cryptosecretspy,Yuki Napz
@cryptosecretspy,@imnapz10
@cryptosecretspy,Michael Angel
@cryptosecretspy,@MichaelAng20344
@cryptosecretspy,AurumAce
@cryptosecretspy,@maestro_degen
@cryptosecretspy,Bezdelnik
@cryptosecretspy,@bezdelnik2222
@cryptosecretspy,Rocket Man
@cryptosecretspy,@HodlRocketMan
@cryptosecretspy,rektober
@cryptosecretspy,@rektober
@cryptosecretspy,balls (demon arc)
@cryptosecretspy,@ballsarehard1
@cryptosecretspy,AB (silly/acc)
@cryptosecretspy,@torqqqsol
@cryptosecretspy,Monkey_Shit_Inu (MSI)
@cryptosecretspy,@Monkey_Shit_inu
@cryptosecretspy,PabloCRO
@cryptosecretspy,@Pablo_cro
@cryptosecretspy,KSB.tv
@cryptosecretspy,@KSBTV1
@cryptosecretspy,Pendantking.eth
@cryptosecretspy,@pendantkingeth
@cryptosecretspy,EZZ.ETH
@cryptosecretspy,@eth_ezz
@cryptosecretspy,Doctor Roboto
@cryptosecretspy,@drrobotnik_aoc
@cryptosecretspy,Kakz
@cryptosecretspy,@_ck007
@cryptosecretspy,SHAWTY
@cryptosecretspy,@bronzeageshawty
@cryptosecretspy,Frank (degod mode)
@cryptosecretspy,@frankdegods
@cryptosecretspy,Mika
@cryptosecretspy,@mikadontlouz
@cryptosecretspy,rasmr
@cryptosecretspy,@rasmr_eth
@cryptosecretspy,Travladd Crypto
@cryptosecretspy,@OfficialTravlad
@cryptosecretspy,Alchemist
@cryptosecretspy,@AlchemistOG69
@cryptosecretspy,Tom Gillespie
@cryptosecretspy,@TomPeterGill
@cryptosecretspy,Isabella Moody
@cryptosecretspy,@isabellamoody_
@cryptosecretspy,Nino
@cryptosecretspy,@logicalNino
@cryptosecretspy,Beaver
@cryptosecretspy,@midasmulligann
@gibmercs,H.E. Justin Sun 孙宇晨(hiring)
@gibmercs,@justinsuntron
@gibmercs,Bull.BnB
@gibmercs,@bull_bnb
@gibmercs,Max
@gibmercs,@rhmaximalist
@gibmercs,⬣Guru.PLS⬣ (Parody)
@gibmercs,@guru_pls
@gibmercs,you might also relate to
@gibmercs,@hrtapp
@gibmercs,Pulse Wallet
@gibmercs,@ThePulseWallet
@gibmercs,⬣ chetparker ⬣
@gibmercs,@ParkerChet
@gibmercs,T-ᗷIᖇᗪ
@gibmercs,@TheRealTBirdHex
@gibmercs,General Buck Naked GED®
@gibmercs,@Buckamentals
@gibmercs,PulseChain Conferences
@gibmercs,@PulseChainConf
@gibmercs,iceman
@gibmercs,@icemanpls
@gibmercs,Mario Nawfal
@gibmercs,@MarioNawfal
@gibmercs,Words
@gibmercs,@itswords_
@gibmercs,Krypto_Luckbox HEX◇PLS◇PLSX
@gibmercs,@Krypto_Luckbox
@gibmercs,Trevor
@gibmercs,@trevorsarver
@gibmercs,KRDAGHOST
@gibmercs,@KR4ATH
@gibmercs,Bark
@gibmercs,@barkmeta
@gibmercs,Self Chain
@gibmercs,@selfchainxyz
@gibmercs,HABIBI CRYPTO KING
@gibmercs,@HabibiCryptoK
@gibmercs,DJ Khalid
@gibmercs,@djkhalidcrypto
@gibmercs,MartyParty
@gibmercs,@martypartymusic
@gibmercs,Watcher.Guru
@gibmercs,@WatcherGuru
@gibmercs,HexicanHill.pls
@gibmercs,@HexicanHill
@gibmercs,Scuba Steve
@gibmercs,@SteveHitson
@gibmercs,Devin.pls
@gibmercs,@Devin_pls
@gibmercs,HEXpensive_Taste
@gibmercs,@HexpensiveT
@gibmercs,⬢ Lytsout ⬢
@gibmercs,@Lytsout193
@gibmercs,CryptoProfeta
@gibmercs,@Cryptoprofeta1
@gibmercs,Paul
@gibmercs,@hex_live
@gibmercs,CryptoHeartBeat
@gibmercs,@CryptoHartbeat
@gibmercs,Marco The HEXican
@gibmercs,@MarcoTheHEXican
@gibmercs,SuperSecretSpy
@gibmercs,@cryptosecretspy
@gibmercs,CH
@gibmercs,@CrptoHexplained
@gibmercs,NubbinAintEZ.11:11
@gibmercs,@cryptojay0110
@gibmercs,Zenin
@gibmercs,@InvertedSpears
@gibmercs,STEFAN
@gibmercs,@ogstefan_
@gibmercs,Pulse Milady
@gibmercs,@PulseMilady
@gibmercs,BuLLz . WIN
@gibmercs,@VallueOfTime
@gibmercs,Berachain
@gibmercs,@berachain
@gibmercs,⊂(▀¯▀⊂ )
@gibmercs,@HEX_Shinobi
@gibmercs,⬣ Suzanne
@gibmercs,@suzannehexican
@gibmercs,Mana
@gibmercs,@SpectralMana
@gibmercs,R2R-REKT2RICHES
@gibmercs,@REKT2RICHEZLIFE
@gibmercs,Nuclear Herbs
@gibmercs,@NuclearHerbs
@gibmercs,Bullfrag
@gibmercs,@Fanmade59939572
@gibmercs,julia.pls
@gibmercs,@Julia_Hexican
@gibmercs,GoonBoyCrypto
@gibmercs,@GoonBoyCrypto
@gibmercs,Rekt Capital
@gibmercs,@rektcapital
@dominicVEMP,JAKE
@dominicVEMP,@JakeGagain
@dominicVEMP,MOON KING B-ROOTS
@dominicVEMP,@iambroots
@dominicVEMP,Ian Heinisch
@dominicVEMP,@ianheinischmma
@dominicVEMP,MrO.CULT
@dominicVEMP,@MrOmodulus
@dominicVEMP,Cult.DAO
@dominicVEMP,@wearecultdao
@dominicVEMP,VEMP Horizon
@dominicVEMP,@VEMPHorizon
@dominicVEMP,Artorias
@dominicVEMP,@Artorias_eth
@dominicVEMP,𝕳𝖔𝖑𝖑𝖞 𝕳𝖊𝖆𝖗𝖙
@dominicVEMP,𝕳𝖔𝖑𝖑𝖞
@dominicVEMP,𝕳𝖊𝖆𝖗𝖙
@dominicVEMP,@holly__heart
@dominicVEMP,Bubz
@dominicVEMP,@cryptobubz
@dominicVEMP,🆃🅴🆃🆁.ton
@dominicVEMP,🆃🅴🆃🆁
@dominicVEMP,.ton
@dominicVEMP,@TETRADeFi
@dominicVEMP,Adam Shelton (Captain)
@dominicVEMP,@AdamEShelton
@dominicVEMP,Harry
@dominicVEMP,@hvrry0x
@dominicVEMP,MrCultmander.cult
@dominicVEMP,@Cultmander76
@dominicVEMP,StillCoSDAO
@dominicVEMP,@SCRPTX_
@dominicVEMP,Rodney
@dominicVEMP,@cryptojourneyrs
@dominicVEMP,Beefy
@dominicVEMP,@B3efy22
@dominicVEMP,مْحَمْوُدْ• CULT DAO
@dominicVEMP,@Cryptodous
@dominicVEMP,Marcults
@dominicVEMP,@Marcults_
@dominicVEMP,KaRipDough
@dominicVEMP,@KaRipDough
@dominicVEMP,𝕊𝕙𝕦𝕘𝕘𝕪𝟘𝕤𝕙𝕚
@dominicVEMP,@shuggy0shi
@dominicVEMP,Nova Research
@dominicVEMP,@novaresearch_io
@dominicVEMP,Cedar Labs
@dominicVEMP,@Melo7sino
@dominicVEMP,SNACKCLUB
@dominicVEMP,@SNACKCLUBgg
@dominicVEMP,Bob the reBuilt
@dominicVEMP,@bobtherebuilt
@dominicVEMP,Nik
@dominicVEMP,@ethreasurer
@dominicVEMP,"Grills (¤,¤)"
@dominicVEMP,@CryptoGrills
@dominicVEMP,Jiraiya
@dominicVEMP,@JiraiyaReal
@dominicVEMP,AC ARCHITECTURE
@dominicVEMP,@ACARCHITEC
@dominicVEMP,Basketballverse
@dominicVEMP,@bballverse_gg
@dominicVEMP,David Col
@dominicVEMP,@Drc504
@dominicVEMP,CeranosFinance
@dominicVEMP,@CeranosFinance
@dominicVEMP,Donald J. Trump
@dominicVEMP,@realDonaldTrump
@dominicVEMP,Clement On | Cloft.eth
@dominicVEMP,@clementonn
@dominicVEMP,Diamond Paws
@dominicVEMP,@Shibanator
@dominicVEMP,Jukov
@dominicVEMP,@JukovCrypto
@dominicVEMP,BorgPad
@dominicVEMP,@BorgPadHQ
@dominicVEMP,Line1 | Onchain Security Audits
@dominicVEMP,@Line1_Security
@dominicVEMP,The Stray
@dominicVEMP,@StrayThe1
@dominicVEMP,Robert Greene
@dominicVEMP,@RobertGreene
@dominicVEMP,ALgiving
@dominicVEMP,@allgiveawaysda1
@dominicVEMP,Pikachu
@dominicVEMP,@Web3Pikachu
@dominicVEMP,Ronin
@dominicVEMP,@roninn_web3
@dominicVEMP,Arjantit
@dominicVEMP,@drarjantit
@dominicVEMP,𝖀𝖈𝖆𝖓
@dominicVEMP,@Ucan_Coin
@dominicVEMP,Gohan
@dominicVEMP,@0x99Gohan
@dominicVEMP,GREG ISENBERG
@dominicVEMP,@gregisenberg
@dominicVEMP,Quantum DAO
@dominicVEMP,@QuantumDAO_io
@dominicVEMP,StΞfan
@dominicVEMP,@CryptoStefan
@dominicVEMP,Pentos Ventures
@dominicVEMP,@PentosVentures
@dominicVEMP,Wazz
@dominicVEMP,@WazzCrypto
@dominicVEMP,Connor Lovely
@dominicVEMP,@RichhomieconE
@dominicVEMP,iamyesyouareno
@dominicVEMP,@iamyesyouareno
@dominicVEMP,Rt Hon Steve Baker FRSA
@dominicVEMP,@SteveBakerFRSA
@dominicVEMP,tradinglord
@dominicVEMP,@tradinglord
@dominicVEMP,Defi_Dawg
@dominicVEMP,@StillDefi99
@dominicVEMP,NFTfi Foundation
@dominicVEMP,@NFTfiFoundation
@dominicVEMP,XO
@dominicVEMP,@Trader_XO
@dominicVEMP,WIZZ ( beware scammers )
@dominicVEMP,WIZZ
@dominicVEMP,( beware scammers )
@dominicVEMP,@CryptoWizardd
@dominicVEMP,0xMo.eth
@dominicVEMP,@MoEthWhale
@dominicVEMP,Reda
@dominicVEMP,@Reda_IPC
@dominicVEMP,Contrarian Thinking Capital
@dominicVEMP,@CTVentureCap
@dominicVEMP,stablecoin stuti
@dominicVEMP,@stutireal
@dominicVEMP,Crypto Paradise
@dominicVEMP,@xCryptoParadise
@dominicVEMP,.charlie.
@dominicVEMP,@Czero_C
@Shibtoken,Shytoshi Kusama™
@Shibtoken,@ShytoshiKusama
@Shibtoken,Shibarium Network
@Shibtoken,@ShibariumNet
@Shibtoken,𝐋𝐔𝐂𝐈𝐄
@Shibtoken,@LucieSHIB
@Shibtoken,welly
@Shibtoken,@wellyfriends
@Shibtoken,ShibaSwapDEX
@Shibtoken,@ShibaSwapDEX
@Shibtoken,IIFA
@Shibtoken,@IIFA
@Shibtoken,Neiro On Ethereum
@Shibtoken,@NeiroOnEthereum
@Shibtoken,Pulse Digital
@Shibtoken,@CryptoPulse9
@Shibtoken,RagnarShib.eth
@Shibtoken,@RagnarShiba
@Shibtoken,Xanders Shib
@Shibtoken,@ShibaXanders
@Shibtoken,defi turtle
@Shibtoken,@0xdefiturtle
@Shibtoken,LTD TOKEN
@Shibtoken,@theLTDtoken
@Shibtoken,Neo Research
@Shibtoken,@NeoResearch0
@Shibtoken,Bad Idea AI
@Shibtoken,@badideaai
@Shibtoken,Mr. Lightspeed
@Shibtoken,@Mr_Lightspeed
@Shibtoken,Marcie Jastrow
@Shibtoken,@marciejastrow
@Shibtoken,Buzz.Shib | Shibarium
@Shibtoken,@buzzdefi0x
@Shibtoken,K9 Finance DAO
@Shibtoken,@K9finance
@Shibtoken,Treat
@Shibtoken,@treatsforShib
@Shibtoken,THE SHEBOSHIS
@Shibtoken,@sheboshis
@Shibtoken,THE SHIBOSHIS
@Shibtoken,@shiboshisworld
@Shibtoken,The Shib
@Shibtoken,@TheShibmagazine
@Shibtoken,Kaal
@Shibtoken,@kaaldhairya
@Shibtoken,Shib - The Metaverse
@Shibtoken,@mvshib
@Shibtoken,Shiba Eternity™
@Shibtoken,@shibaeternity
@Shibtoken,Ryoshi
@Shibtoken,@RyoshiResearch
@NeoRivera2,Russell Armand
@NeoRivera2,@Saitamaguru1
@NeoRivera2,Mkay SaitaChain
@NeoRivera2,@mannythehitman
@NeoRivera2,SaitaChain
@NeoRivera2,@SaitaChainCoin
@NeoRivera2,ElonMansur
@NeoRivera2,@ElonMansur_STC
@NeoRivera2,Dubai SaitaChain
@NeoRivera2,@SaitaChainDubai
@NeoRivera2,GABE KLEIN
@NeoRivera2,@kleingabriel
@NeoRivera2,AJ
@NeoRivera2,@ajcartel_17
@NeoRivera2,SaitaSwap
@NeoRivera2,@Saita_Swap
@NeoRivera2,CryptoGabriel
@NeoRivera2,@cryptogabri3l
@NeoRivera2,Nam Tran
@NeoRivera2,@Ntran1234
@NeoRivera2,Saitama Kingdom
@NeoRivera2,@SaitamaKingdom_
@NeoRivera2,Shaka Tha God
@NeoRivera2,@ShakaThaGod
@NeoRivera2,Mrs. Saitama / Mrs. SaitaChain
@NeoRivera2,@MrsSaitama
@NeoRivera2,Darren
@NeoRivera2,@english_foolery
@NeoRivera2,HTN
@NeoRivera2,@CryptoServidora
@NeoRivera2,Crypto Alert
@NeoRivera2,@cryptoal3rt
@NeoRivera2,#VZZN CORPORATION #VZZNTOKEN
@NeoRivera2,@VZZNBUILDER1
@NeoRivera2,Chewy The Comeback Story. Finding my $ikigai
@NeoRivera2,@chewyhwy211
@NeoRivera2,Sikwitit
@NeoRivera2,@SikWitIt562
@NeoRivera2,Karnn Bhandarii
@NeoRivera2,@karanbhandari10
@NeoRivera2,Countycrypto
@NeoRivera2,@CountyCrypto707
@NeoRivera2,SAITAMA (SOL)
@NeoRivera2,@saitama_on_sol
@NeoRivera2,BBBolty
@NeoRivera2,@BBBolty
@NeoRivera2,Rahul Rohit Parikh kingdom
@NeoRivera2,Rahul Rohit Parikh
@NeoRivera2,kingdom
@NeoRivera2,@rahulparikh94
@NeoRivera2,POWELLY
@NeoRivera2,@MPowelly02
@NeoRivera2,OKX Wallet
@NeoRivera2,@okxweb3
@NeoRivera2,Farid Khan
@NeoRivera2,@_FaridKhan
@NeoRivera2,STCBurn Token (STCB) - We Burn SaitaChain Coin
@NeoRivera2,@SaitaChain_Burn
@NeoRivera2,Sans
@NeoRivera2,@kekkiat
@NeoRivera2,Am. Nothing I post is financial advice.
@NeoRivera2,@AR92452
@NeoRivera2,Reezy
@NeoRivera2,@2xLoyalReezy
@NeoRivera2,DonLeon
@NeoRivera2,@DonLHarvey3
@NeoRivera2,KV⁷
@NeoRivera2,@JoeKreev
@NeoRivera2,STCB #1 Fan (Huge #STC Supporter)
@NeoRivera2,STCB #1 Fan
@NeoRivera2,(Huge #STC Supporter)
@NeoRivera2,@StcStcb
@NeoRivera2,Clown World
@NeoRivera2,@ShutuppNo1Cares
@NeoRivera2,Jon Williams
@NeoRivera2,@willsfmhit
@NeoRivera2,Stankooo
@NeoRivera2,@Stankoooz
@NeoRivera2,CryptoAwie
@NeoRivera2,@Awie09305
@NeoRivera2,Noah Gates
@NeoRivera2,@noahlgates13
@NeoRivera2,crypto 777
@NeoRivera2,@bsmyth777
@NeoRivera2,sharonbl9
@NeoRivera2,@sharonblit9
@NeoRivera2,Pickle Saitachain Kingdom
@NeoRivera2,@SaitaPickle
@NeoRivera2,Wash&Zoe ∞
@NeoRivera2,@WashZoe
@NeoRivera2,Wajeed Syed
@NeoRivera2,@Wajeedgem
@NeoRivera2,Kingdom Bea2ooth Beats
@NeoRivera2,@Bea2oothBeats
@NeoRivera2,Luis Martin
@NeoRivera2,@LuisMar92422765
@NeoRivera2,Anmol Singh
@NeoRivera2,@thisisanmol
@NeoRivera2,Craig Davidson
@NeoRivera2,@craigdavidson74
@NeoRivera2,Saita Hodler
@NeoRivera2,@saita_hodler
@NeoRivera2,Hassan Ekraminiya
@NeoRivera2,@ekraminiya
@NeoRivera2,André Twate
@NeoRivera2,@AndreTwate
@NeoRivera2,Sopulu Umeobi
@NeoRivera2,@Sopuluumeobi
@NeoRivera2,wolf king
@NeoRivera2,@kingSaitachain
@NeoRivera2,Pascal Bofinger
@NeoRivera2,@PascalBofinger
@NeoRivera2,jojo
@NeoRivera2,@jamm_crypto
@NeoRivera2,Jeffro
@NeoRivera2,@jethrocrypto47
@NeoRivera2,Stevo
@NeoRivera2,@StevoSTC1
@NeoRivera2,SaitaChain Merchandise
@NeoRivera2,@SaitaMerch
@NeoRivera2,Artem
@NeoRivera2,@Rolo_d0me
@NeoRivera2,X Bridge
@NeoRivera2,@XBridge_
@NeoRivera2,STC.hodler {kingdom}
@NeoRivera2,@cryptosanyo
@NeoRivera2,Arnauld Ouedra
@NeoRivera2,@ArnauldOue77655
@NeoRivera2,magicman
@NeoRivera2,@William56558111
@NeoRivera2,Rafi Rafi
@NeoRivera2,@RafiRaf91961678
@NeoRivera2,Chris Ramsey
@NeoRivera2,@Chris_Ramsey1
@NeoRivera2,muyiks
@NeoRivera2,@muyiksmuyet
@NeoRivera2,TheFunnyMan
@NeoRivera2,@amaliktweet
@NeoRivera2,Mk Crypto
@NeoRivera2,@Mikkkivi
@wearecultdao,MrO.CULT
@wearecultdao,@MrOmodulus
@wearecultdao,MOON KING B-ROOTS
@wearecultdao,@iambroots
@wearecultdao,Ian Heinisch
@wearecultdao,@ianheinischmma
@wearecultdao,Artorias
@wearecultdao,@Artorias_eth
@wearecultdao,𝕳𝖔𝖑𝖑𝖞 𝕳𝖊𝖆𝖗𝖙
@wearecultdao,𝕳𝖔𝖑𝖑𝖞
@wearecultdao,𝕳𝖊𝖆𝖗𝖙
@wearecultdao,@holly__heart
@wearecultdao,🆃🅴🆃🆁.ton
@wearecultdao,🆃🅴🆃🆁
@wearecultdao,.ton
@wearecultdao,@TETRADeFi
@wearecultdao,Bubz
@wearecultdao,@cryptobubz
@wearecultdao,Rodney
@wearecultdao,@cryptojourneyrs
@wearecultdao,Revolt 2 Earn
@wearecultdao,@RevoltToEarn
@wearecultdao,StillCoSDAO
@wearecultdao,@SCRPTX_
@wearecultdao,The Rug Game
@wearecultdao,@theruggame
@wearecultdao,VEMP Horizon
@wearecultdao,@VEMPHorizon
@wearecultdao,MrCultmander.cult
@wearecultdao,@Cultmander76
@wearecultdao,Harry
@wearecultdao,@hvrry0x
@wearecultdao,Dominic Ryder | POD
@wearecultdao,@dominicVEMP
@wearecultdao,ZK
@wearecultdao,@ZKTheReal
@wearecultdao,Mr. Preach
@wearecultdao,@LittleManPower
@wearecultdao,sonsofcrypto ⟠
@wearecultdao,@sonsofcryptolab
@wearecultdao,Steve0shi
@wearecultdao,@Steve0shi
@wearecultdao,Whitty
@wearecultdao,@JdWhitty
@wearecultdao,WalletPort
@wearecultdao,@WalletPort
@wearecultdao,LibertAI
@wearecultdao,@Libertai_DAI
@wearecultdao,Hikari.Cult 33
@wearecultdao,Hikari.Cult
@wearecultdao,33
@wearecultdao,@hikari_oshi
@wearecultdao,Chonky
@wearecultdao,@Mr_Chonky
@wearecultdao,Earthling.web3
@wearecultdao,@earthlingweb3
@wearecultdao,CULTtheBRAND
@wearecultdao,@CULTtheBRAND
@wearecultdao,Harrybo-rg.cult
@wearecultdao,@harrybo_rg
@wearecultdao,CultPunks
@wearecultdao,@cultpunksnfts
@wearecultdao,VALERIE
@wearecultdao,@valeriesocials
@wearecultdao,StableUnit
@wearecultdao,@stableunitdao
@wearecultdao,0X_Jester ᛤ
@wearecultdao,0X_Jester
@wearecultdao,ᛤ
@wearecultdao,@0x_jester
@wearecultdao,"0xJoshua.eth (,)"
@wearecultdao,@0xJoshuaSL
@wearecultdao,Modulus
@wearecultdao,@ModulusZK
@wearecultdao,Rep3
@wearecultdao,@rep3gg
@wearecultdao,Forgd
@wearecultdao,@Forgd_
@wearecultdao,Arthur Hayes
@wearecultdao,@CryptoHayes
@wearecultdao,BitMEX
@wearecultdao,@BitMEX
@wearecultdao,Origami: The scalable DAO operating system
@wearecultdao,@jointheorigami
@wearecultdao,Karri Kampfire
@wearecultdao,@MadMaxTraderBoy
@wearecultdao,DragonBallTrader
@wearecultdao,@MaxiTraderr
@wearecultdao,Bull Run Boys
@wearecultdao,@unreelinvest
@wearecultdao,Derrick Broze
@wearecultdao,@DBrozeLiveFree
@wearecultdao,卄𝖊𝖑𝖑𝖈𝖆𝖙 ߙ𝖍𝖊 Ⴝ𝖆𝖛𝖆𝖌𝖊
@wearecultdao,@LordHellcat_
@wearecultdao,Carlton Bags
@wearecultdao,@CarltonBags
@wearecultdao,WoofWork.io ($WOOF)
@wearecultdao,@woof_work
@wearecultdao,M E S S I E R | M87
@wearecultdao,@MessierM87
@wearecultdao,MERP
@wearecultdao,@MERP40400977
@wearecultdao,𝔊𝔯𝔞𝔳𝔞𝔫𝔬
@wearecultdao,@Bullrun_Gravano
@wearecultdao,"DoinGud ( :D , :D )"
@wearecultdao,@DoinGudHQ
@wearecultdao,GEM HUNTER
@wearecultdao,@TrueGemHunter
@wearecultdao,Gokhshtein
@wearecultdao,@gokhshtein
@wearecultdao,Shiv
@wearecultdao,@shivsakhuja
@wearecultdao,toad
@wearecultdao,@MedicineToad
@wearecultdao,RachelOnchain.eth
@wearecultdao,@RachelOnchain
@wearecultdao,Crypto Chuanzhang
@wearecultdao,@chuanzhang55
@wearecultdao,Jul3s
@wearecultdao,@julesWISTA
@wearecultdao,Wistaverse
@wearecultdao,@wistaverse
@wearecultdao,CULTED
@wearecultdao,@willofthemany
@wearecultdao,CultDaoGod.eth
@wearecultdao,@CultDaoGod
@wearecultdao,Bastian | CULTDAO (pron. Cult/Culture)
@wearecultdao,@bastian_cultdao
@wearecultdao,Amber Group
@wearecultdao,@ambergroup_io
@wearecultdao,"DIRTY BUBBLE MEDIA: GOOD LUCK, GOOD BYE."
@wearecultdao,@MikeBurgersburg
@wearecultdao,The Crypto GEMs
@wearecultdao,@CryptoGemsCom
@RealCrazyFight_,Floyd Mayweather
@RealCrazyFight_,@FloydMayweather
@RealCrazyFight_,Stake.com
@RealCrazyFight_,@Stake
@RealCrazyFight_,Makhachev Islam
@RealCrazyFight_,@MAKHACHEVMMA
@RealCrazyFight_,Paulo Costa ( Borrachinha )
@RealCrazyFight_,@BorrachinhaMMA
@RealCrazyFight_,#1 𝕏 Parody Account ✪
@RealCrazyFight_,@NoPlugMedia
@RealCrazyFight_,Gang Hits
@RealCrazyFight_,@GangHits
@RealCrazyFight_,Fight Page Beto
@RealCrazyFight_,@ihybeto
@RealCrazyFight_,Bizzarre Side
@RealCrazyFight_,@BizzarreSide
@RealCrazyFight_,Donald J. Trump
@RealCrazyFight_,@realDonaldTrump
@RealCrazyFight_,Elon Musk
@RealCrazyFight_,@elonmusk
@RealCrazyFight_,TURKI ALALSHIKH
@RealCrazyFight_,@Turki_alalshikh
@RealCrazyFight_,Steiny
@RealCrazyFight_,@realsteiny
@RealCrazyFight_,Megatron
@RealCrazyFight_,@Megatron_ron
@RealCrazyFight_,Moe
@RealCrazyFight_,@Yassuo
@RealCrazyFight_,weekdays
@RealCrazyFight_,@weekdays
@RealCrazyFight_,BloodInBloodHound
@RealCrazyFight_,@Bloodyhoundq50
@RealCrazyFight_,zombs
@RealCrazyFight_,@wristlevel
@RealCrazyFight_,ANIMO STUDIOS
@RealCrazyFight_,@animo
@RealCrazyFight_,Memo600
@RealCrazyFight_,@SteveDriveMemo
@RealCrazyFight_,Andre S.O.G. Ward
@RealCrazyFight_,@andreward
@RealCrazyFight_,VitalyTheGoat
@RealCrazyFight_,@vitalyzdtv
@RealCrazyFight_,3MUCH
@RealCrazyFight_,@stevedr4laflair
@RealCrazyFight_,MMA Orbit
@RealCrazyFight_,@mma_orbit
@RealCrazyFight_,Sexyy Red
@RealCrazyFight_,@SexyyRed314_
@RealCrazyFight_,FIGHTFLIX
@RealCrazyFight_,@Fightflix_
@RealCrazyFight_,Daily Loud
@RealCrazyFight_,@DailyLoud
@RealCrazyFight_,Daniel Cormier
@RealCrazyFight_,@dc_mma
@RealCrazyFight_,ESPN
@RealCrazyFight_,@espn
@RealCrazyFight_,MyBrothersKeeper2 OUT NOW
@RealCrazyFight_,@TaySixO
@RealCrazyFight_,SportsCenter
@RealCrazyFight_,@SportsCenter
@RealCrazyFight_,Idiots Caught In Camera
@RealCrazyFight_,@IdiotsInCamera
@RealCrazyFight_,PrinceDreOrCallMeSoulja
@RealCrazyFight_,@PrinceOBLOCKDre
@RealCrazyFight_,Second before disaster
@RealCrazyFight_,@NeverteIImeodd
@RealCrazyFight_,Bruce Buffer
@RealCrazyFight_,@brucebuffer
@RealCrazyFight_,FAZE RAIN
@RealCrazyFight_,@FaZe_Rain
@RealCrazyFight_,DQ “WhoIsThat”
@RealCrazyFight_,@dqfrmdao
@RealCrazyFight_,Luka Doncic
@RealCrazyFight_,@luka7doncic
@RealCrazyFight_,#FreeWop
@RealCrazyFight_,@KdFrmDaO
@RealCrazyFight_,Chosen
@RealCrazyFight_,@OchoMunna
@RealCrazyFight_,Dbandzfrm64
@RealCrazyFight_,@munnagangdbandz
@RealCrazyFight_,E.Roy
@RealCrazyFight_,@OblockEDogg
@RealCrazyFight_,ESPN MMA
@RealCrazyFight_,@espnmma
@RealCrazyFight_,Matchroom Boxing
@RealCrazyFight_,@MatchroomBoxing
@RealCrazyFight_,ESPN Ringside
@RealCrazyFight_,@ESPNRingside
@RealCrazyFight_,Dexerto
@RealCrazyFight_,@Dexerto
@RealCrazyFight_,izi prime
@RealCrazyFight_,@izi_prime
@RealCrazyFight_,Dan Bilzerian
@RealCrazyFight_,@DanBilzerian
@RealCrazyFight_,CalebPlant
@RealCrazyFight_,@SweetHandsPlant
@RealCrazyFight_,Crazy Clips
@RealCrazyFight_,@crazyclipsonly
@IamIvanPicazo,Shib
@IamIvanPicazo,@Shibtoken
@IamIvanPicazo,Shytoshi Kusama™
@IamIvanPicazo,@ShytoshiKusama
@IamIvanPicazo,Xanders Shib
@IamIvanPicazo,@ShibaXanders
@IamIvanPicazo,Shibarium Network
@IamIvanPicazo,@ShibariumNet
@IamIvanPicazo,𝐋𝐔𝐂𝐈𝐄
@IamIvanPicazo,@LucieSHIB
@IamIvanPicazo,RagnarShib.eth
@IamIvanPicazo,@RagnarShiba
@IamIvanPicazo,Shib Dream * Shib Army News * Shib Army Social
@IamIvanPicazo,@theshibdream
@IamIvanPicazo,Waggles Crypto Goods
@IamIvanPicazo,@WagglesCG
@IamIvanPicazo,Shib Spain
@IamIvanPicazo,@ShibSpain
@IamIvanPicazo,𝐋𝖆𝖉𝖞 𝐂𝖗𝖞𝖕𝖙𝖔
@IamIvanPicazo,@ShibArmy_4Life
@IamIvanPicazo,Shib-write-her
@IamIvanPicazo,@Ttello77
@IamIvanPicazo,vitalik.eth
@IamIvanPicazo,@VitalikButerin
@IamIvanPicazo,Shiba Television
@IamIvanPicazo,@ShibaTelevision
@IamIvanPicazo,$SHIB KNIGHT
@IamIvanPicazo,@army_shiba
@IamIvanPicazo,Shibburn
@IamIvanPicazo,@shibburn
@IamIvanPicazo,SHIB INFORMER
@IamIvanPicazo,@ShibInformer
@IamIvanPicazo,welly
@IamIvanPicazo,@wellyfriends
@IamIvanPicazo,Marcie Jastrow
@IamIvanPicazo,@marciejastrow
@IamIvanPicazo,ShibaSwapDEX
@IamIvanPicazo,@ShibaSwapDEX
@IamIvanPicazo,william_volk
@IamIvanPicazo,@william_volk
@IamIvanPicazo,HTX
@IamIvanPicazo,@HTX_Global
@IamIvanPicazo,Mario Nawfal
@IamIvanPicazo,@MarioNawfal
@IamIvanPicazo,Being Based
@IamIvanPicazo,@BeingBasedIO
@IamIvanPicazo,CRYPTO_MARS
@IamIvanPicazo,@CryptoMars24
@IamIvanPicazo,Dr. Brian May
@IamIvanPicazo,@DrBrianMay
@IamIvanPicazo,MoneyLord
@IamIvanPicazo,@moneyl0rd
@IamIvanPicazo,Gate.io
@IamIvanPicazo,@gate_io
@IamIvanPicazo,BitMart
@IamIvanPicazo,@BitMartExchange
@IamIvanPicazo,EnzoFerrariETH
@IamIvanPicazo,@Enzoferrari_eth
@IamIvanPicazo,Mr F
@IamIvanPicazo,@BlockZeero
@IamIvanPicazo,Uncle Iroh $NEIRO
@IamIvanPicazo,@UncleIroh_NEIRO
@IamIvanPicazo,Crypto.com
@IamIvanPicazo,@cryptocom
@IamIvanPicazo,CoinMarketCap
@IamIvanPicazo,@CoinMarketCap
@IamIvanPicazo,ETHToronto
@IamIvanPicazo,@ETH_Toronto
@IamIvanPicazo,AI Alpha Wolf ( OG )
@IamIvanPicazo,@AI_Alpha_Wolf
@IamIvanPicazo,Brothers Marketing
@IamIvanPicazo,@BrotherMKT
@IamIvanPicazo,Whaler Talk (捕鲸者说)
@IamIvanPicazo,@whalertalk
@IamIvanPicazo,Whale Insider
@IamIvanPicazo,@WhaleInsider
@IamIvanPicazo,notEezzy
@IamIvanPicazo,@notEezzy
@IamIvanPicazo,Thiago Moura
@IamIvanPicazo,@othiago_moura
@IamIvanPicazo,Wintermute
@IamIvanPicazo,@wintermute_t
@IamIvanPicazo,Ripio
@IamIvanPicazo,@RipioApp
@IamIvanPicazo,Ice
@IamIvanPicazo,@WizdomWolf
@IamIvanPicazo,SIMON
@IamIvanPicazo,@paul_3077
@IamIvanPicazo,Tolga Ozek
@IamIvanPicazo,@tolgaozek
@IamIvanPicazo,Mr.Inc
@IamIvanPicazo,@MRINC_CRYPTO
@IamIvanPicazo,ɢʀᴇʏ
@IamIvanPicazo,@MostDefinitely6
@IamIvanPicazo,MOON KING B-ROOTS
@IamIvanPicazo,@iambroots
@IamIvanPicazo,Ape Terminal
@IamIvanPicazo,@apeterminal
@IamIvanPicazo,Bitget
@IamIvanPicazo,@bitgetglobal
@IamIvanPicazo,DogeDesigner
@IamIvanPicazo,@cb_doge
@IamIvanPicazo,DoctorDeFi
@IamIvanPicazo,@DoctorDeFi
@IamIvanPicazo,OKX Wallet
@IamIvanPicazo,@okxweb3
@IamIvanPicazo,NeiroWarrior
@IamIvanPicazo,@NeiroWarrior
@IamIvanPicazo,Pulse Digital
@IamIvanPicazo,@CryptoPulse9
@IamIvanPicazo,defi turtle
@IamIvanPicazo,@0xdefiturtle
@IamIvanPicazo,Yona Gushiken
@IamIvanPicazo,@yonashib
@IamIvanPicazo,Corrupt Fun
@IamIvanPicazo,@CorruptFun
@IamIvanPicazo,Bybit
@IamIvanPicazo,@Bybit_Official
@IamIvanPicazo,Neiro On Ethereum
@IamIvanPicazo,@NeiroOnEthereum
@IamIvanPicazo,Neiroshi
@IamIvanPicazo,@TheNeiroshi
@IamIvanPicazo,ShibWomen
@IamIvanPicazo,@ShibWomen
@IamIvanPicazo,Old Horse
@IamIvanPicazo,@old_horse08
@IamIvanPicazo,Digarch*shib | Shibarium is live
@IamIvanPicazo,@Digarch
@IamIvanPicazo,KUROSHIBARMY JPN
@IamIvanPicazo,@kuro_9696_9696
@IamIvanPicazo,Eth Demon
@IamIvanPicazo,@the_eth_demon
@IamIvanPicazo,Crypto Hero
@IamIvanPicazo,@CryptoHero22
@IamIvanPicazo,Crimson Creator Official
@IamIvanPicazo,@CrimsonCreator2
@IamIvanPicazo,DexCheck AI
@IamIvanPicazo,@DexCheck_io
@IamIvanPicazo,AIRian.
@IamIvanPicazo,@air_airofficial
@cryptogabri3l,Mkay SaitaChain
@cryptogabri3l,@mannythehitman
@cryptogabri3l,SaitaChain
@cryptogabri3l,@SaitaChainCoin
@cryptogabri3l,ElonMansur
@cryptogabri3l,@ElonMansur_STC
@cryptogabri3l,Dubai SaitaChain
@cryptogabri3l,@SaitaChainDubai
@cryptogabri3l,GABE KLEIN
@cryptogabri3l,@kleingabriel
@cryptogabri3l,SaitaSwap
@cryptogabri3l,@Saita_Swap
@cryptogabri3l,kobe
@cryptogabri3l,@NeoRivera2
@cryptogabri3l,Nam Tran
@cryptogabri3l,@Ntran1234
@cryptogabri3l,Saitama Kingdom
@cryptogabri3l,@SaitamaKingdom_
@cryptogabri3l,Trill
@cryptogabri3l,@RWOTrilly
@cryptogabri3l,HTN
@cryptogabri3l,@CryptoServidora
@cryptogabri3l,Darren
@cryptogabri3l,@english_foolery
@cryptogabri3l,Karnn Bhandarii
@cryptogabri3l,@karanbhandari10
@cryptogabri3l,Crypto Alert
@cryptogabri3l,@cryptoal3rt
@cryptogabri3l,Sikwitit
@cryptogabri3l,@SikWitIt562
@cryptogabri3l,Mrs. Saitama / Mrs. SaitaChain
@cryptogabri3l,@MrsSaitama
@cryptogabri3l,Epay.me
@cryptogabri3l,@Epayme_uae
@cryptogabri3l,Rockit Crypto
@cryptogabri3l,@RockitCrypto
@cryptogabri3l,~ Spiggy ~
@cryptogabri3l,@Spigg1115
@cryptogabri3l,Decky SaitaKingdom
@cryptogabri3l,@CryptoIceCool
@cryptogabri3l,H.E. Justin Sun 孙宇晨(hiring)
@cryptogabri3l,@justinsuntron
@cryptogabri3l,PAPA7
@cryptogabri3l,@papadamnseven
@cryptogabri3l,Phantom
@cryptogabri3l,@phantom
@cryptogabri3l,Wodeq Crypto
@cryptogabri3l,@wodeqqq
@cryptogabri3l,AJM
@cryptogabri3l,@AJ__912
@cryptogabri3l,MiaGia.eth
@cryptogabri3l,@miagia_eth
@cryptogabri3l,Albu (I Want It More Arc.)
@cryptogabri3l,@albudaddy
@cryptogabri3l,Niczzy
@cryptogabri3l,@NiczzyETH
@cryptogabri3l,zerohedge
@cryptogabri3l,@zerohedge
@cryptogabri3l,a
@cryptogabri3l,@trenchmami
@cryptogabri3l,HiToxic0x
@cryptogabri3l,@HiToxic0x
@cryptogabri3l,profitier
@cryptogabri3l,@profitierr
@cryptogabri3l,jsttn
@cryptogabri3l,@jsttnhk
@cryptogabri3l,𝙷𝚎𝚛𝚘 𝚃𝚛𝚞𝚌𝚔
@cryptogabri3l,@hero_truck
@cryptogabri3l,Don
@cryptogabri3l,@doncaarbon
@cryptogabri3l,₿lessed
@cryptogabri3l,@blessed_mayor
@cryptogabri3l,Henok
@cryptogabri3l,@henokcrypto
@cryptogabri3l,Sarah
@cryptogabri3l,@sarah_talley_
@cryptogabri3l,DDG
@cryptogabri3l,@PontiacMadeDDG
@cryptogabri3l,$TADDY
@cryptogabri3l,@taddycto
@cryptogabri3l,wailer
@cryptogabri3l,@CryptoWailer
@cryptogabri3l,Digital Ronin Co
@cryptogabri3l,@DigitalRoninCo
@cryptogabri3l,Lemon Peppa
@cryptogabri3l,@Dirashi_
@cryptogabri3l,Kilo
@cryptogabri3l,@Kilo7meta
@cryptogabri3l,Aquiles
@cryptogabri3l,@aquileschavez99
@cryptogabri3l,Σ DJ.en
@cryptogabri3l,@thisisdjen
@cryptogabri3l,Scrim
@cryptogabri3l,@scrimnfa
@cryptogabri3l,Ze Crypto Lab
@cryptogabri3l,@zecryptolab
@cryptogabri3l,Crazy Clips
@cryptogabri3l,@crazyclipsonly
@cryptogabri3l,GOLDY
@cryptogabri3l,@thegoldycoin
@cryptogabri3l,Chefin
@cryptogabri3l,@Chefin100x
@cryptogabri3l,Tommy Thanh Bui
@cryptogabri3l,@tommythanhbui
@cryptogabri3l,mogger
@cryptogabri3l,@10piecedawg
@cryptogabri3l,Nigtardio
@cryptogabri3l,@Nigtardio69
@cryptogabri3l,Guden
@cryptogabri3l,@GudenSer
@cryptogabri3l,Doctor Roboto
@cryptogabri3l,@drrobotnik_aoc
@cryptogabri3l,RaMpAGe
@cryptogabri3l,@Rampage_Calls
@cryptogabri3l,JD Vance
@cryptogabri3l,@JDVance
@cryptogabri3l,MARMAR
@cryptogabri3l,@02Marmar
@cryptogabri3l,Jim Caviezel
@cryptogabri3l,@reallycaviezel
@cryptogabri3l,BLAIRE WHITE
@cryptogabri3l,@MsBlaireWhite
@cryptogabri3l,Dom Lucre | Breaker of Narratives
@cryptogabri3l,@dom_lucre
@cryptogabri3l,Blighted
@cryptogabri3l,@Toxicweasto
@cryptogabri3l,DORSIA
@cryptogabri3l,@DORSIA_SOL
@cryptogabri3l,V
@cryptogabri3l,@lillyvivvi
@cryptogabri3l,Scream
@cryptogabri3l,@Scream10x
@cryptogabri3l,Betman
@cryptogabri3l,@ImTheBetman
@cryptogabri3l,kev
@cryptogabri3l,@kbigg0586
@cryptogabri3l,rekmeporfavor
@cryptogabri3l,@rekmeporfavor
@Poe_Ether,Dōgen
@Poe_Ether,@realdogen
@Poe_Ether,Eric Cryptoman
@Poe_Ether,@EricCryptoman
@Poe_Ether,chirocryptø
@Poe_Ether,@chirocrypto
@Poe_Ether,CryptoSkull ze last bull standing
@Poe_Ether,@cryptoskullx
@Poe_Ether,MOON KING B-ROOTS
@Poe_Ether,@iambroots
@Poe_Ether,Thor | Kirito
@Poe_Ether,@Thorshammergems
@Poe_Ether,Jamie Kingston
@Poe_Ether,@jamiekingston
@Poe_Ether,Cryptic_Maestro
@Poe_Ether,@Cryptic_Maestro
@Poe_Ether,Caff
@Poe_Ether,@ChadCaff
@Poe_Ether,𝐂𝐫𝐲𝐩𝐭𝐨 𝐅𝐮𝐧𝐝𝐚𝐦𝐞𝐧𝐭𝐚𝐥𝐬
@Poe_Ether,@BlocksNThoughts
@Poe_Ether,Crypto Matt
@Poe_Ether,@CryptoMatt87
@Poe_Ether,Trader Roshi
@Poe_Ether,@AltMasterRoshi
@Poe_Ether,Gems of Ra
@Poe_Ether,@GemsofRa
@Poe_Ether,CTM
@Poe_Ether,@CryptoTalkMan
@Poe_Ether,Jamma Pelson
@Poe_Ether,@jammathehamma1
@Poe_Ether,JΞNNINGS MAYNΞ
@Poe_Ether,@whalenjennings
@Poe_Ether,Crypto Boss (CB)
@Poe_Ether,@Cryptoboss2000
@Poe_Ether,comet
@Poe_Ether,@cometcalls
@Poe_Ether,pallet jacker 69
@Poe_Ether,@palletjacker69
@Poe_Ether,Fitz - ϙ
@Poe_Ether,@0xFitz
@Poe_Ether,PattyIce
@Poe_Ether,@patty_fi
@Poe_Ether,Brozinker
@Poe_Ether,@brozinkerbell
@Poe_Ether,Luke Martin
@Poe_Ether,@VentureCoinist
@Poe_Ether,H.E. Justin Sun 孙宇晨(hiring)
@Poe_Ether,@justinsuntron
@Poe_Ether,6ix9ine
@Poe_Ether,@6ix9ine
@Poe_Ether,Chintan Turakhia
@Poe_Ether,@chintanturakhia
@Poe_Ether,Eric Trump
@Poe_Ether,@EricTrump
@Poe_Ether,kira
@Poe_Ether,@kirawontmiss
@Poe_Ether,mitch (rtrd/acc)
@Poe_Ether,@idrawline
@Poe_Ether,Brennan
@Poe_Ether,@BrenzCrypto
@Poe_Ether,Ashitaka
@Poe_Ether,@Ashitakacrypto
@Poe_Ether,Baddies of TikTok/ig
@Poe_Ether,@TikTokBaddies
@Poe_Ether,The Market Memes
@Poe_Ether,@themarketmemes
@Poe_Ether,ASIANMOM
@Poe_Ether,@iloveasianmom
@Poe_Ether,Bill
@Poe_Ether,@billthebearmeme
@Poe_Ether,Trump War Room
@Poe_Ether,@TrumpWarRoom
@Poe_Ether,wbnns.base.eth
@Poe_Ether,@wbnns
@Poe_Ether,Nature is Amazing
@Poe_Ether,@AMAZlNGNATURE
@Poe_Ether,Rocky
@Poe_Ether,@RockySolanaCoin
@Poe_Ether,Jack Booth
@Poe_Ether,@jbfxdotme
@Poe_Ether,Brettbot
@Poe_Ether,@brettbot_bot
@Poe_Ether,hoe_math
@Poe_Ether,@ItIsHoeMath
@Poe_Ether,Ian | TipLink
@Poe_Ether,@ArbVision
@Poe_Ether,173
@Poe_Ether,@173views
@Poe_Ether,Dan Bilzerian
@Poe_Ether,@DanBilzerian
@Poe_Ether,naiive
@Poe_Ether,@naiivememe
@Poe_Ether,Noland Arbaugh
@Poe_Ether,@ModdedQuad
@Poe_Ether,Rex
@Poe_Ether,@InvestWithRex
@Poe_Ether,Jakey
@Poe_Ether,@SolJakey
@Poe_Ether,Martin Shkreli
@Poe_Ether,@MartinShkreli
@Poe_Ether,van00sa
@Poe_Ether,@van00sa
@Poe_Ether,Clown World ™
@Poe_Ether,@ClownWorld_
@Poe_Ether,Lil Pump
@Poe_Ether,@lilpump
@Poe_Ether,Waka Flocka Flame
@Poe_Ether,@WakaFlocka
@Poe_Ether,Nils
@Poe_Ether,@nilsthedegen
@Poe_Ether,The Real World
@Poe_Ether,@trwmain_
@Poe_Ether,shittylarper
@Poe_Ether,@shittylarptist
@Poe_Ether,Maya
@Poe_Ether,@mayanicks0x
@Poe_Ether,M Barbara
@Poe_Ether,@Barbara_KVH
@Poe_Ether,IIIIII
@Poe_Ether,@RIFonSOL
@Poe_Ether,eye zen hour
@Poe_Ether,@eyezenhour
@Poe_Ether,Gary Cardone
@Poe_Ether,@GaryCardone
@Poe_Ether,Kakz
@Poe_Ether,@_ck007
@Poe_Ether,Donald Trump Jr.
@Poe_Ether,@DonaldJTrumpJr
@Poe_Ether,Caitlyn Jenner
@Poe_Ether,@Caitlyn_Jenner
@Poe_Ether,Soulja Boy (Draco)
@Poe_Ether,@souljaboy
@Poe_Ether,Jess
@Poe_Ether,@CryptoNCoffeee
@Poe_Ether,IGGY AZALEA
@Poe_Ether,@IGGYAZALEA
@jammathehamma1,Eric Cryptoman
@jammathehamma1,@EricCryptoman
@jammathehamma1,CryptoSkull ze last bull standing
@jammathehamma1,@cryptoskullx
@jammathehamma1,chirocryptø
@jammathehamma1,@chirocrypto
@jammathehamma1,Dōgen
@jammathehamma1,@realdogen
@jammathehamma1,MOON KING B-ROOTS
@jammathehamma1,@iambroots
@jammathehamma1,𝐂𝐫𝐲𝐩𝐭𝐨 𝐅𝐮𝐧𝐝𝐚𝐦𝐞𝐧𝐭𝐚𝐥𝐬
@jammathehamma1,@BlocksNThoughts
@jammathehamma1,POΞ
@jammathehamma1,@Poe_Ether
@jammathehamma1,Thor | Kirito
@jammathehamma1,@Thorshammergems
@jammathehamma1,Caff
@jammathehamma1,@ChadCaff
@jammathehamma1,pallet jacker 69
@jammathehamma1,@palletjacker69
@jammathehamma1,Crypto Matt
@jammathehamma1,@CryptoMatt87
@jammathehamma1,Aeon
@jammathehamma1,@Crypto_Aeon7
@jammathehamma1,Ξy It’s ₿LōSHI
@jammathehamma1,@ey_pablo
@jammathehamma1,Ben Buckwalter
@jammathehamma1,@BenBuckwalter
@jammathehamma1,ALΞX
@jammathehamma1,@CrossChainAlex
@jammathehamma1,Fitz - ϙ
@jammathehamma1,@0xFitz
@jammathehamma1,NZtrader369
@jammathehamma1,@ztrader369
@jammathehamma1,Trader Roshi
@jammathehamma1,@AltMasterRoshi
@jammathehamma1,CTM
@jammathehamma1,@CryptoTalkMan
@jammathehamma1,Noodles
@jammathehamma1,@criptopaul
@jammathehamma1,dubzy
@jammathehamma1,@dubzyxbt
@jammathehamma1,Kruger - T.M
@jammathehamma1,@defidoan
@jammathehamma1,J.
@jammathehamma1,@james_amethyst
@jammathehamma1,Icy ∞
@jammathehamma1,@TailofIcy
@jammathehamma1,Čhenž_Ťradeš
@jammathehamma1,@V2Chenz
@jammathehamma1,StableUnit
@jammathehamma1,@stableunitdao
@jammathehamma1,CAPT. PARA8OLIC TOBLERONE
@jammathehamma1,@CaptToblerone
@jammathehamma1,Jamma Pelson
@jammathehamma1,@JammaPelson1
@jammathehamma1,MILC Media Metaverse
@jammathehamma1,@MILCplatform
@jammathehamma1,Daffy.
@jammathehamma1,@Daffy53Duck
@jammathehamma1,"Robert W Malone, MD"
@jammathehamma1,@RWMaloneMD
@jammathehamma1,Ø𝗗
@jammathehamma1,@No1Hodler
@jammathehamma1,$SHIB KNIGHT
@jammathehamma1,@army_shiba
@jammathehamma1,Limitless
@jammathehamma1,@LimitlessXBT
@jammathehamma1,Sean
@jammathehamma1,@seandwain1
@jammathehamma1,Session
@jammathehamma1,@session_app
@jammathehamma1,BANKRUN
@jammathehamma1,@THE_BANKRUN
@jammathehamma1,Crypto $car
@jammathehamma1,@crypto_scar
@jammathehamma1,Dr. Simone Gold
@jammathehamma1,@drsimonegold
@jammathehamma1,Under The Radar
@jammathehamma1,@Under__Radar
@jammathehamma1,Andrew Kang
@jammathehamma1,@Rewkang
@jammathehamma1,STILL K.A.P.O
@jammathehamma1,@KAPOTHEGOAT01
@jammathehamma1,Miles
@jammathehamma1,@JohalMiles
@jammathehamma1,Giba | Kingdom X100
@jammathehamma1,@giba_machado
@jammathehamma1,Defi_Mochi
@jammathehamma1,@defi_mochi
@jammathehamma1,CLOR
@jammathehamma1,@Cloroshi
@jammathehamma1,JT
@jammathehamma1,@JTheretohelp1
@jammathehamma1,Cæsar
@jammathehamma1,@PARABOLIT
@jammathehamma1,Shytoshi Kusama™
@jammathehamma1,@ShytoshiKusama
@jammathehamma1,AnnaGems
@jammathehamma1,@CryptoGirlAnna
@jammathehamma1,jaa₿ronie $SANI
@jammathehamma1,@iwasfdup
@jammathehamma1,tehMoonwalkeR
@jammathehamma1,@tehMoonwalkeR
@jammathehamma1,dave the wave
@jammathehamma1,@davthewave
@jammathehamma1,comet
@jammathehamma1,@cometcalls
@jammathehamma1,CrediBULL Crypto
@jammathehamma1,@CredibleCrypto
@jammathehamma1,𝐂𝐑𝐘𝐏𝐓𝐎 𝐀𝐋𝐔𝐂𝐀𝐑𝐃 🆃🅷🆁🅴🅳🆁
@jammathehamma1,@SebastianWols17
@jammathehamma1,David Hunter
@jammathehamma1,@DaveHcontrarian
@jammathehamma1,Tristan Tate
@jammathehamma1,@TateTheTalisman
@jammathehamma1,BillTheBull.base.eth
@jammathehamma1,@TheCryptoDweeb8
@jammathehamma1,Pure8
@jammathehamma1,@Pure8Nature
@jammathehamma1,TechDev
@jammathehamma1,@TechDev_52
@jammathehamma1,Igor Bogdanoff
@jammathehamma1,@IgorIsBogdanoff
@jammathehamma1,The Dev
@jammathehamma1,@HeyItsMeTheDev
@jammathehamma1,Elysium Blockchain
@jammathehamma1,@Elysium_VF
@jammathehamma1,FoodFarmer
@jammathehamma1,@rektfoodfarmer
@CryptoMatt87,Dōgen
@CryptoMatt87,@realdogen
@CryptoMatt87,Eric Cryptoman
@CryptoMatt87,@EricCryptoman
@CryptoMatt87,chirocryptø
@CryptoMatt87,@chirocrypto
@CryptoMatt87,CryptoSkull ze last bull standing
@CryptoMatt87,@cryptoskullx
@CryptoMatt87,MOON KING B-ROOTS
@CryptoMatt87,@iambroots
@CryptoMatt87,Thor | Kirito
@CryptoMatt87,@Thorshammergems
@CryptoMatt87,POΞ
@CryptoMatt87,@Poe_Ether
@CryptoMatt87,𝐂𝐫𝐲𝐩𝐭𝐨 𝐅𝐮𝐧𝐝𝐚𝐦𝐞𝐧𝐭𝐚𝐥𝐬
@CryptoMatt87,@BlocksNThoughts
@CryptoMatt87,Jamie Kingston
@CryptoMatt87,@jamiekingston
@CryptoMatt87,Caff
@CryptoMatt87,@ChadCaff
@CryptoMatt87,Cryptic_Maestro
@CryptoMatt87,@Cryptic_Maestro
@CryptoMatt87,Aeon
@CryptoMatt87,@Crypto_Aeon7
@CryptoMatt87,ALΞX
@CryptoMatt87,@CrossChainAlex
@CryptoMatt87,Ben Buckwalter
@CryptoMatt87,@BenBuckwalter
@CryptoMatt87,JasonCryptoApe 
@CryptoMatt87,@JasonCryptoFTW
@CryptoMatt87,Jamma Pelson
@CryptoMatt87,@jammathehamma1
@CryptoMatt87,Gems of Ra
@CryptoMatt87,@GemsofRa
@CryptoMatt87,RoyalChad
@CryptoMatt87,@zee_maker
@CryptoMatt87,Trader Roshi
@CryptoMatt87,@AltMasterRoshi
@CryptoMatt87,Crypto Boss (CB)
@CryptoMatt87,@Cryptoboss2000
@CryptoMatt87,Polygon Dog | $POLYD
@CryptoMatt87,@PolygonDogCoin
@CryptoMatt87,$Drip
@CryptoMatt87,@Dripcto
@CryptoMatt87,Davidtoshi Takamoto
@CryptoMatt87,@0xDavidtoshi
@CryptoMatt87,KING┃0305.eth
@CryptoMatt87,@KingOnEth
@CryptoMatt87,SUNBURN | First Deflationary Coin on TRON
@CryptoMatt87,@SunburnTron_X
@CryptoMatt87,ETHEREUM IS GOOD
@CryptoMatt87,@Ethereumisgood_
@CryptoMatt87,SUNPUP
@CryptoMatt87,@SUNPUP_TRX
@CryptoMatt87,JustinSunXiPooh17Inu
@CryptoMatt87,@JSXP17I
@CryptoMatt87,Donald Tronp
@CryptoMatt87,@Donaldtronp_trx
@CryptoMatt87,Diamond Hands
@CryptoMatt87,@arthurerctoken
@CryptoMatt87,Shill Matic
@CryptoMatt87,@Shill_Matic1
@CryptoMatt87,YORI
@CryptoMatt87,@yoricointrx
@CryptoMatt87,0xSun
@CryptoMatt87,@0xSunNFT
@CryptoMatt87,NVIDIA
@CryptoMatt87,@Nvidiatron
@CryptoMatt87,TronLink
@CryptoMatt87,@TronLinkWallet
@CryptoMatt87,SunPump
@CryptoMatt87,@sunpumpmeme
@CryptoMatt87,HYPEBEAST
@CryptoMatt87,@HYPEBEAST
@CryptoMatt87,VGN
@CryptoMatt87,@anotherVGN
@CryptoMatt87,Oobie
@CryptoMatt87,@oobietricee
@CryptoMatt87,"Gorilla Capital (,)"
@CryptoMatt87,@gorillacapsol
@CryptoMatt87,NOCTA
@CryptoMatt87,@OfficialNocta
@CryptoMatt87,CoCo
@CryptoMatt87,@blacksmithcoco
@CryptoMatt87,Jonny
@CryptoMatt87,@JonnyApes
@CryptoMatt87,Yogurt
@CryptoMatt87,@yogurt_eth
@CryptoMatt87,SD
@CryptoMatt87,@bougie_sd
@CryptoMatt87,Yakuza
@CryptoMatt87,@YakuzaInCrypto
@CryptoMatt87,BOSSIE
@CryptoMatt87,@bossiethetroll
@CryptoMatt87,wrld
@CryptoMatt87,@wrld_sol
@CryptoMatt87,Cule
@CryptoMatt87,@Crypt0Cule
@CryptoMatt87,BTW
@CryptoMatt87,@btwoonsol
@CryptoMatt87,Nature is Amazing
@CryptoMatt87,@AMAZlNGNATURE
@CryptoMatt87,Derp Solana
@CryptoMatt87,@Sol_derp
@CryptoMatt87,Have Fun Staying Poor
@CryptoMatt87,@HfspOnX
@CryptoMatt87,Moneta Finance
@CryptoMatt87,@Moneta_Fi
@CryptoMatt87,The Arena
@CryptoMatt87,@thearenatrade
@CryptoMatt87,Rocky
@CryptoMatt87,@RockySolanaCoin
@CryptoMatt87,Wintermute
@CryptoMatt87,@wintermute_t
@CryptoMatt87,CART Target Solana
@CryptoMatt87,@TargetCart_SOL_
@CryptoMatt87,Ashtoshii
@CryptoMatt87,@ashtoshii
@CryptoMatt87,Vitaly
@CryptoMatt87,@xyzvitaly
@CryptoMatt87,Zack Morris
@CryptoMatt87,@MrZackMorris
@CryptoMatt87,CatFrogDogShark2002HondaCivicUnicornInu
@CryptoMatt87,@CatFrogDogShark
@CryptoMatt87,Michael
@CryptoMatt87,@0xBEMichael
@CryptoMatt87,gerald broflovski
@CryptoMatt87,@skankhuntt_42
@CryptoMatt87,PAVEWAY CRYPTO
@CryptoMatt87,@WillGonzalez22
@CryptoMatt87,Billion Dollar Token
@CryptoMatt87,@BDTErcToken
@CryptoMatt87,RENZO
@CryptoMatt87,@renzofks
@CryptoMatt87,kitty
@CryptoMatt87,@0xkitty69
@CryptoMatt87,Jeffry
@CryptoMatt87,@JeffryOnX
@SaitaChainCoin,Russell Armand
@SaitaChainCoin,@Saitamaguru1
@SaitaChainCoin,Mkay SaitaChain
@SaitaChainCoin,@mannythehitman
@SaitaChainCoin,ElonMansur
@SaitaChainCoin,@ElonMansur_STC
@SaitaChainCoin,Dubai SaitaChain
@SaitaChainCoin,@SaitaChainDubai
@SaitaChainCoin,GABE KLEIN
@SaitaChainCoin,@kleingabriel
@SaitaChainCoin,SaitaSwap
@SaitaChainCoin,@Saita_Swap
@SaitaChainCoin,Nam Tran
@SaitaChainCoin,@Ntran1234
@SaitaChainCoin,Saitama Kingdom
@SaitaChainCoin,@SaitamaKingdom_
@SaitaChainCoin,AJ
@SaitaChainCoin,@ajcartel_17
@SaitaChainCoin,Mrs. Saitama / Mrs. SaitaChain
@SaitaChainCoin,@MrsSaitama
@SaitaChainCoin,CryptoGabriel
@SaitaChainCoin,@cryptogabri3l
@SaitaChainCoin,kobe
@SaitaChainCoin,@NeoRivera2
@SaitaChainCoin,#VZZN CORPORATION #VZZNTOKEN
@SaitaChainCoin,@VZZNBUILDER1
@SaitaChainCoin,HTN
@SaitaChainCoin,@CryptoServidora
@SaitaChainCoin,Crypto Alert
@SaitaChainCoin,@cryptoal3rt
@SaitaChainCoin,Darren
@SaitaChainCoin,@english_foolery
@SaitaChainCoin,Epay.me
@SaitaChainCoin,@Epayme_uae
@SaitaChainCoin,Karnn Bhandarii
@SaitaChainCoin,@karanbhandari10
@SaitaChainCoin,Chewy The Comeback Story. Finding my $ikigai
@SaitaChainCoin,@chewyhwy211
@SaitaChainCoin,CryptoDamon
@SaitaChainCoin,@CryptoDamon_
@SaitaChainCoin,GeckoTerminal
@SaitaChainCoin,@GeckoTerminal
@SaitaChainCoin,CoinDCX: India's Safest Crypto Platform
@SaitaChainCoin,@CoinDCX
@SaitaChainCoin,CoinMarketCap
@SaitaChainCoin,@CoinMarketCap
@SaitaChainCoin,Binance VIP & Institutional
@SaitaChainCoin,@BinanceVIP
@SaitaChainCoin,₿en Todar
@SaitaChainCoin,@BenTodar
@SaitaChainCoin,Kenny Le
@SaitaChainCoin,@KennyLe1227963
@SaitaChainCoin,Cody Campbell
@SaitaChainCoin,@CodyCampbe16881
@SaitaChainCoin,Diamond Crypto Lover
@SaitaChainCoin,@DanofSteel4
@SaitaChainCoin,Anand Sinha
@SaitaChainCoin,@anandsinha095
@SaitaChainCoin,POWELLY
@SaitaChainCoin,@MPowelly02
@SaitaChainCoin,Elitsa Krumova
@SaitaChainCoin,@Eli_Krumova
@SaitaChainCoin,Astro_Saitachain
@SaitaChainCoin,@AstroSaitachain
@SaitaChainCoin,YoungPimpESC
@SaitaChainCoin,@ej0024Kingdom
@SaitaChainCoin,Abdelkader Moulay Meliani
@SaitaChainCoin,@kaderdzx
@SaitaChainCoin,Pro SBC Kingdom
@SaitaChainCoin,@ProsIgup
@SaitaChainCoin,Ayoub
@SaitaChainCoin,@ayoubcrypto
@SaitaChainCoin,Saita Chain kingdom
@SaitaChainCoin,@Hadihoseiniii
@SaitaChainCoin,Gabe
@SaitaChainCoin,@gabe89565607
@SaitaChainCoin,Jen the Queen.stc
@SaitaChainCoin,Jen the Queen
@SaitaChainCoin,.stc
@SaitaChainCoin,@jbars95
@SaitaChainCoin,Siuchuzai.x
@SaitaChainCoin,@Siuchuzai
@SaitaChainCoin,Ehsan Aghayari
@SaitaChainCoin,@EhsanAghayarii
@SaitaChainCoin,Jacky Opeña
@SaitaChainCoin,@JackyOpena
@SaitaChainCoin,Mukesh Gehlot
@SaitaChainCoin,@gehlotmukesh532
@SaitaChainCoin,Thomas
@SaitaChainCoin,@ThomasAZ88
@SaitaChainCoin,Paris Blockchain Week
@SaitaChainCoin,@ParisBlockWeek
@SaitaChainCoin,"Adrian Zduńczyk, CMT"
@SaitaChainCoin,@crypto_birb
@SaitaChainCoin,Hexn.io
@SaitaChainCoin,@hexn_io
@SaitaChainCoin,Mist3rSuccess9
@SaitaChainCoin,@mist3rsuccess9
@SaitaChainCoin,buckmoon
@SaitaChainCoin,@buckm34
@SaitaChainCoin,Neil Mistry
@SaitaChainCoin,@singtomebebey
@SaitaChainCoin,Rahul Rohit Parikh kingdom
@SaitaChainCoin,Rahul Rohit Parikh
@SaitaChainCoin,kingdom
@SaitaChainCoin,@rahulparikh94
@SaitaChainCoin,X Bridge
@SaitaChainCoin,@XBridge_
@SaitaChainCoin,Mustafa
@SaitaChainCoin,@yaweluck1
@SaitaChainCoin,Relax Crypto Kingdom
@SaitaChainCoin,@Relax01332148
@SaitaChainCoin,Markmywordz
@SaitaChainCoin,@markswordz
@SaitaChainCoin,Mr. Who
@SaitaChainCoin,@mullins4chile
@SaitaChainCoin,Crypto Solutions
@SaitaChainCoin,@creptosolutions
@SaitaChainCoin,Douly370
@SaitaChainCoin,@Douly370
@SaitaChainCoin,CSP SBC24STC Kingdom
@SaitaChainCoin,CSP SBC24
@SaitaChainCoin,STC Kingdom
@SaitaChainCoin,@auraalexandra16
@SaitaChainCoin,عدّول
@SaitaChainCoin,@AD90el
@SaitaChainCoin,33 HTX
@SaitaChainCoin,33
@SaitaChainCoin,HTX
@SaitaChainCoin,@XandiHTX
@SaitaChainCoin,Saita_Baconco
@SaitaChainCoin,@Marco60866174
@SaitaChainCoin,Ra Xa
@SaitaChainCoin,@Raza0fficia
@SaitaChainCoin,Austin
@SaitaChainCoin,@Austin57080682
@SaitaChainCoin,BlockchainCowboy#SaitaChain
@SaitaChainCoin,@saitaxtg91
@SaitaChainCoin,Rockit Crypto
@SaitaChainCoin,@RockitCrypto
@SaitaChainCoin,CoinGecko
@SaitaChainCoin,@coingecko
@SaitaChainCoin,Immutable Money
@SaitaChainCoin,@immutablemoney
@SaitaChainCoin,SaitaChain808
@SaitaChainCoin,@coleman1432
@holly__heart,MrO.CULT
@holly__heart,@MrOmodulus
@holly__heart,Cult.DAO
@holly__heart,@wearecultdao
@holly__heart,Bubz
@holly__heart,@cryptobubz
@holly__heart,Artorias
@holly__heart,@Artorias_eth
@holly__heart,🆃🅴🆃🆁.ton
@holly__heart,@TETRADeFi
@holly__heart,JAKE
@holly__heart,@JakeGagain
@holly__heart,MOON KING B-ROOTS
@holly__heart,@iambroots
@holly__heart,مْحَمْوُدْ• CULT DAO
@holly__heart,@Cryptodous
@holly__heart,Harry
@holly__heart,@hvrry0x
@holly__heart,MrCultmander.cult
@holly__heart,@Cultmander76
@holly__heart,StillCoSDAO
@holly__heart,@SCRPTX_
@holly__heart,Beefy
@holly__heart,@B3efy22
@holly__heart,Marcults
@holly__heart,@Marcults_
@holly__heart,KaRipDough
@holly__heart,@KaRipDough
@holly__heart,𝕊𝕙𝕦𝕘𝕘𝕪𝟘𝕤𝕙𝕚
@holly__heart,@shuggy0shi
@holly__heart,bmade .cult
@holly__heart,bmade
@holly__heart,.cult
@holly__heart,@bmadecult
@holly__heart,𝓛𝓾𝓬𝓸𝓵𝓵𝔂 𐌂𐌵𐌋𐌕 / 𐌂𐌵𐌋𐌕𐌵𐌓𐌄
@holly__heart,@Lucolly888
@holly__heart,Revolt 2 Earn
@holly__heart,@RevoltToEarn
@holly__heart,Wonder
@holly__heart,@just_wonder1
@holly__heart,"Vici ( τ , ϙ )"
@holly__heart,@vici_trades
@holly__heart,DOC
@holly__heart,@docbytrade
@holly__heart,𝓹𝓾𝓫𝓵𝓲𝔁
@holly__heart,@publixplays
@holly__heart,Procreator
@holly__heart,@ProcreatorG
@holly__heart,schizofren.alph
@holly__heart,@dissident42069
@holly__heart,Hope
@holly__heart,@hopeworkshard
@holly__heart,T Sips.Sol
@holly__heart,@TSipsSol
@holly__heart,IshortMemes
@holly__heart,@KyleBands1
@holly__heart,qunzter
@holly__heart,@qunzter
@holly__heart,Drink your Milk
@holly__heart,@RaiderSol008
@holly__heart,IT4I ᵍᵐ
@holly__heart,@0xIT4I
@holly__heart,᲼
@holly__heart,@0xUmbreon
@holly__heart,ABSURD1TY
@holly__heart,@ABSURD1TYx
@holly__heart,Psycho
@holly__heart,@AltcoinPsycho
@holly__heart,Adam Cochran (adamscochran.eth)
@holly__heart,@adamscochran
@holly__heart,Fuack | Bronzaga
@holly__heart,@Bronzagaa
@holly__heart,𝑺𝑺
@holly__heart,@SERIALSHILLER__
@holly__heart,Airdrop-Farmer
@holly__heart,@ShraddhaL49
@holly__heart,Flying Captn. Corrigan (bottom arc)
@holly__heart,@value_enjoyoor
@holly__heart,Amorico
@holly__heart,@_amorico_
@holly__heart,unknwn.
@holly__heart,@unknwn0x
@holly__heart,Shadow
@holly__heart,@_Shadow36
@holly__heart,fomo
@holly__heart,@28Praxis
@holly__heart,BURNT
@holly__heart,@0xBurnt
@holly__heart,𝓬𝓱𝓲✧ｃｈａｎ
@holly__heart,@chinsuko_chan
@holly__heart,Will Snitch
@holly__heart,@willsnitch
@holly__heart,Vik
@holly__heart,@vikmny
@holly__heart,brainlet
@holly__heart,@brainletCTO
@holly__heart,RFK Jr Podcast
@holly__heart,@RFKJRpodcast
@holly__heart,Teej
@holly__heart,@Bitcoin_Teej
@holly__heart,Crypto_Magnolia
@holly__heart,@Crypto_Bishuke
@holly__heart,Ethereum Damien (WIF Maxi)
@holly__heart,@0xDamien
@holly__heart,Theo Von
@holly__heart,@TheoVon
@holly__heart,CryptoCraze
@holly__heart,@CrazeCrypto00
@holly__heart,Culture Critic
@holly__heart,@Culture_Crit
@holly__heart,Megan
@holly__heart,@takhidoussete
@holly__heart,Houdini
@holly__heart,@houdiniquant
@holly__heart,ちぃたん☆／Chiitan
@holly__heart,@chiitan7407
@holly__heart,monto.sol
@holly__heart,@MontoDeFi
@holly__heart,CRYPTO NABI
@holly__heart,@Shubidubby
@holly__heart,soby is on xai
@holly__heart,@soby0x
@holly__heart,HB
@holly__heart,@HB_RISING
@holly__heart,Donald J. Trump
@holly__heart,@realDonaldTrump
@holly__heart,Gforce07 (degod mode)
@holly__heart,@Gforce_07
@holly__heart,Dr Regan M. Gallagher
@holly__heart,@dr_regan_g
@holly__heart,Shadow x Moon
@holly__heart,@ShadowMoonCC
@holly__heart,Cryptic Mang
@holly__heart,@Cryptic_Mang
@holly__heart,btcnft420
@holly__heart,@btcnft420
@holly__heart,Brent aka Blacklion
@holly__heart,@BlacklionCTA
@cryptoskullx,Eric Cryptoman
@cryptoskullx,@EricCryptoman
@cryptoskullx,Dōgen
@cryptoskullx,@realdogen
@cryptoskullx,chirocryptø
@cryptoskullx,@chirocrypto
@cryptoskullx,MOON KING B-ROOTS
@cryptoskullx,@iambroots
@cryptoskullx,POΞ
@cryptoskullx,@Poe_Ether
@cryptoskullx,Thor | Kirito
@cryptoskullx,@Thorshammergems
@cryptoskullx,Caff
@cryptoskullx,@ChadCaff
@cryptoskullx,𝐂𝐫𝐲𝐩𝐭𝐨 𝐅𝐮𝐧𝐝𝐚𝐦𝐞𝐧𝐭𝐚𝐥𝐬
@cryptoskullx,@BlocksNThoughts
@cryptoskullx,Jamie Kingston
@cryptoskullx,@jamiekingston
@cryptoskullx,Ben Buckwalter
@cryptoskullx,@BenBuckwalter
@cryptoskullx,Jamma Pelson
@cryptoskullx,@jammathehamma1
@cryptoskullx,Crypto Matt
@cryptoskullx,@CryptoMatt87
@cryptoskullx,ALΞX
@cryptoskullx,@CrossChainAlex
@cryptoskullx,RoyalChad
@cryptoskullx,@zee_maker
@cryptoskullx,JasonCryptoApe 
@cryptoskullx,@JasonCryptoFTW
@cryptoskullx,Fitz - ϙ
@cryptoskullx,@0xFitz
@cryptoskullx,Noodles
@cryptoskullx,@criptopaul
@cryptoskullx,pallet jacker 69
@cryptoskullx,@palletjacker69
@cryptoskullx,CTM
@cryptoskullx,@CryptoTalkMan
@cryptoskullx,Ξy It’s ₿LōSHI
@cryptoskullx,@ey_pablo
@cryptoskullx,BADMAD ROBOTS
@cryptoskullx,@badmadrobots
@cryptoskullx,BingX
@cryptoskullx,@BingXOfficial
@cryptoskullx,Alpha Bunny
@cryptoskullx,@magneetO9
@cryptoskullx,zerohedge
@cryptoskullx,@zerohedge
@cryptoskullx,Guinness World Records
@cryptoskullx,@GWR
@cryptoskullx,Johns Charts
@cryptoskullx,@johnscharts
@cryptoskullx,Richard Gilfolye
@cryptoskullx,@RichardGilfolye
@cryptoskullx,Shimmer
@cryptoskullx,@shimmernet
@cryptoskullx,Radar
@cryptoskullx,@RadarHits
@cryptoskullx,Donald J. Trump
@cryptoskullx,@realDonaldTrump
@cryptoskullx,Tsutsuji - $TSUJI
@cryptoskullx,@tsutsujicoinERC
@cryptoskullx,Ankr
@cryptoskullx,@ankr
@cryptoskullx,"Arbitrum (,)"
@cryptoskullx,@arbitrum
@cryptoskullx,Gate.io
@cryptoskullx,@gate_io
@cryptoskullx,DMAIL.AI
@cryptoskullx,@Dmailofficial
@cryptoskullx,Artificial Superintelligence Alliance
@cryptoskullx,@ASI_Alliance
@cryptoskullx,Bitcoin
@cryptoskullx,@Bitcoin
@cryptoskullx,SUPERCHAD
@cryptoskullx,@Superchad187
@cryptoskullx,1inch
@cryptoskullx,@1inch
@cryptoskullx,Fitzy
@cryptoskullx,@Fitzybrypto
@cryptoskullx,Georgi Kanev
@cryptoskullx,@GoniDark
@cryptoskullx,Jim Cramer
@cryptoskullx,@jimcramer
@cryptoskullx, ONEDAY 
@cryptoskullx,@cryptooneday0x
@cryptoskullx,Crypto Lord
@cryptoskullx,@Crypt_Lord04
@cryptoskullx,Cheesy
@cryptoskullx,@cb1052
@cryptoskullx,Popes Holy Spam
@cryptoskullx,@PopesSpam
@cryptoskullx,higher
@cryptoskullx,@higheragain
@cryptoskullx,Poncho Pals - Sales Bot
@cryptoskullx,@PonchoPalsBot
@cryptoskullx,Digi
@cryptoskullx,@ItsDigi_NFT
@cryptoskullx,jesse.base.eth
@cryptoskullx,@jessepollak
@cryptoskullx,Crypto Dudes
@cryptoskullx,@cryptodudes69
@cryptoskullx,Base
@cryptoskullx,@base
@cryptoskullx,KuCoin Mod
@cryptoskullx,@KuCoinMod
@cryptoskullx,KuCoin Updates
@cryptoskullx,@KuCoinUpdates
@cryptoskullx,Dexter
@cryptoskullx,@dexaarZ1
@cryptoskullx,Bala
@cryptoskullx,@BalaclavaETH
@cryptoskullx,Johnny
@cryptoskullx,@CryptoGodJohn
@cryptoskullx,Ayda Trades
@cryptoskullx,@CryptoAyda
@cryptoskullx,Sage (っ◕◡◕)っ
@cryptoskullx,@sagexbabyx
@cryptoskullx,Banshee
@cryptoskullx,@DefiBanshee
@cryptoskullx,Big Tasty
@cryptoskullx,@eth1_fry
@cryptoskullx,Poncho on BASE
@cryptoskullx,@ponchoBASE
@cryptoskullx,Sigma
@cryptoskullx,@SigmaTradingBot
@cryptoskullx,Destra Network
@cryptoskullx,@DestraNetwork
@cryptoskullx,Chain Swap
@cryptoskullx,@chainswaperc
@cryptoskullx,Shuriken
@cryptoskullx,@ShurikenTrade
@peruvian_bull,Ryan Cohen
@peruvian_bull,@ryancohen
@peruvian_bull,Dave Lauer
@peruvian_bull,@dlauer
@peruvian_bull,Susanne Trimbath PhD
@peruvian_bull,@SusanneTrimbath
@peruvian_bull,GMEdd.com
@peruvian_bull,@GMEdd
@peruvian_bull,LightningWarrior
@peruvian_bull,@LightninWarrior
@peruvian_bull,Rensole
@peruvian_bull,@rensole
@peruvian_bull,Roaring Kitty
@peruvian_bull,@TheRoaringKitty
@peruvian_bull,₿en Wehrman
@peruvian_bull,@benwehrman
@peruvian_bull,Miller
@peruvian_bull,@Millertime1216a
@peruvian_bull,Badasstrader
@peruvian_bull,@BadassTrader69
@peruvian_bull,Wooch
@peruvian_bull,@itswooch
@peruvian_bull,Walrus Farts
@peruvian_bull,@WalrusFarts69
@peruvian_bull,Diamondape69
@peruvian_bull,@diamondape69
@ElonGoatToken,JAKE
@ElonGoatToken,@JakeGagain
@ElonGoatToken,Ian Heinisch
@ElonGoatToken,@ianheinischmma
@ElonGoatToken,MOON KING B-ROOTS
@ElonGoatToken,@iambroots
@ElonGoatToken,Volt Inu
@ElonGoatToken,@VoltInuOfficial
@ElonGoatToken,PabloCRO
@ElonGoatToken,@Pablo_cro
@ElonGoatToken,Proof Of Memes - POM
@ElonGoatToken,@Proof_Of_Memes
@ElonGoatToken,Rodney
@ElonGoatToken,@cryptojourneyrs
@ElonGoatToken,Dōgen
@ElonGoatToken,@realdogen
@ElonGoatToken,Voltedranger
@ElonGoatToken,@voltedranger
@ElonGoatToken,comet
@ElonGoatToken,@cometcalls
@ElonGoatToken,Elon Musk (Parody)
@ElonGoatToken,@ElonMuskPD
@ElonGoatToken,Henok
@ElonGoatToken,@henokcrypto
@ElonGoatToken,Power Wright
@ElonGoatToken,@TheGen35
@ShakaThaGod,Russell Armand
@ShakaThaGod,@Saitamaguru1
@ShakaThaGod,ElonMansur
@ShakaThaGod,@ElonMansur_STC
@ShakaThaGod,GABE KLEIN
@ShakaThaGod,@kleingabriel
@ShakaThaGod,SaitaSwap
@ShakaThaGod,@Saita_Swap
@ShakaThaGod,Saitama Kingdom
@ShakaThaGod,@SaitamaKingdom_
@ShakaThaGod,kobe
@ShakaThaGod,@NeoRivera2
@ShakaThaGod,Jeff
@ShakaThaGod,@CryptoOldFella
@ShakaThaGod,Mrs. Saitama / Mrs. SaitaChain
@ShakaThaGod,@MrsSaitama
@ShakaThaGod,#VZZN CORPORATION #VZZNTOKEN
@ShakaThaGod,@VZZNBUILDER1
@ShakaThaGod,HTN
@ShakaThaGod,@CryptoServidora
@ShakaThaGod,Darren
@ShakaThaGod,@english_foolery
@ShakaThaGod,Karnn Bhandarii
@ShakaThaGod,@karanbhandari10
@ShakaThaGod,CryptoDamon
@ShakaThaGod,@CryptoDamon_
@SaitaChainDubai,Mkay SaitaChain
@SaitaChainDubai,@mannythehitman
@SaitaChainDubai,SaitaChain
@SaitaChainDubai,@SaitaChainCoin
@SaitaChainDubai,ElonMansur
@SaitaChainDubai,@ElonMansur_STC
@SaitaChainDubai,GABE KLEIN
@SaitaChainDubai,@kleingabriel
@SaitaChainDubai,SaitaSwap
@SaitaChainDubai,@Saita_Swap
@SaitaChainDubai,Nam Tran
@SaitaChainDubai,@Ntran1234
@SaitaChainDubai,Saitama Kingdom
@SaitaChainDubai,@SaitamaKingdom_
@SaitaChainDubai,CryptoGabriel
@SaitaChainDubai,@cryptogabri3l
@SaitaChainDubai,HTN
@SaitaChainDubai,@CryptoServidora
@SaitaChainDubai,kobe
@SaitaChainDubai,@NeoRivera2
@SaitaChainDubai,Mrs. Saitama / Mrs. SaitaChain
@SaitaChainDubai,@MrsSaitama
@SaitaChainDubai,Crypto Alert
@SaitaChainDubai,@cryptoal3rt
@SaitaChainDubai,#VZZN CORPORATION #VZZNTOKEN
@SaitaChainDubai,@VZZNBUILDER1
@CARNAGE_3000X,MOON KING B-ROOTS
@CARNAGE_3000X,@iambroots
@CARNAGE_3000X,Dōgen
@CARNAGE_3000X,@realdogen
@CARNAGE_3000X,Ian Heinisch
@CARNAGE_3000X,@ianheinischmma
@CARNAGE_3000X,Thor | Kirito
@CARNAGE_3000X,@Thorshammergems
@CARNAGE_3000X,chirocryptø
@CARNAGE_3000X,@chirocrypto
@CARNAGE_3000X,CryptoSkull ze last bull standing
@CARNAGE_3000X,CryptoSkull
@CARNAGE_3000X,ze last bull standing
@CARNAGE_3000X,@cryptoskullx
@CARNAGE_3000X,Jamie Kingston
@CARNAGE_3000X,@jamiekingston
@CARNAGE_3000X,POΞ
@CARNAGE_3000X,@Poe_Ether
@CARNAGE_3000X,Cryptic_Maestro
@CARNAGE_3000X,@Cryptic_Maestro
@CARNAGE_3000X,Gems of Ra
@CARNAGE_3000X,@GemsofRa
@CARNAGE_3000X,Aeon
@CARNAGE_3000X,@Crypto_Aeon7
@CARNAGE_3000X,JasonCryptoApe 
@CARNAGE_3000X,@JasonCryptoFTW
@CARNAGE_3000X,JΞNNINGS MAYNΞ
@CARNAGE_3000X,@whalenjennings
@CARNAGE_3000X,Crypto Matt
@CARNAGE_3000X,@CryptoMatt87
@CARNAGE_3000X,RoyalChad
@CARNAGE_3000X,@zee_maker
@CARNAGE_3000X,Trader Roshi
@CARNAGE_3000X,@AltMasterRoshi
@CARNAGE_3000X,Crypto Boss (CB)
@CARNAGE_3000X,@Cryptoboss2000
@CARNAGE_3000X,Astral
@CARNAGE_3000X,@astral_eth_92
@CARNAGE_3000X,CTM
@CARNAGE_3000X,@CryptoTalkMan
@CARNAGE_3000X,Rush Hour
@CARNAGE_3000X,@rush_hour51
@CARNAGE_3000X,Scrim
@CARNAGE_3000X,@scrimnfa
@CARNAGE_3000X,May Crypto
@CARNAGE_3000X,@Maymytan
@CARNAGE_3000X,Global Crypto Association | GCA
@CARNAGE_3000X,@glbcryptoassoc
@CARNAGE_3000X,Bateman
@CARNAGE_3000X,@solanabateman
@CARNAGE_3000X,Brandon Salim
@CARNAGE_3000X,@brandonsalim
@CARNAGE_3000X,Kevin Susanto
@CARNAGE_3000X,@KevinSusanto
@CARNAGE_3000X,Numer0
@CARNAGE_3000X,@Numerooo0
@CARNAGE_3000X,SunPump
@CARNAGE_3000X,@sunpumpmeme
@CARNAGE_3000X,TRON DAO
@CARNAGE_3000X,@trondao
@CARNAGE_3000X,Ryan Reynolds
@CARNAGE_3000X,@VancityReynolds
@CARNAGE_3000X,Deadpool Inu
@CARNAGE_3000X,@deadpoolinuerc
@CARNAGE_3000X,zkLogan
@CARNAGE_3000X,@Logan_cmo
@CARNAGE_3000X,Heroic Shiba Saga
@CARNAGE_3000X,@Mari_erc20
@CARNAGE_3000X,woods.ai
@CARNAGE_3000X,@robw00ds
@CARNAGE_3000X,Bark Media
@CARNAGE_3000X,@barkmediax
@CARNAGE_3000X,Kabosu
@CARNAGE_3000X,@Kabosutokeneth
@CARNAGE_3000X,FUKU_ETH
@CARNAGE_3000X,@FUKU_ON_ETH
@CARNAGE_3000X,eye zen hour
@CARNAGE_3000X,@eyezenhour
@CARNAGE_3000X,tsutsuji
@CARNAGE_3000X,@tsutsujiERC20
@CARNAGE_3000X,🅖🅐🅡🅨 🅛🅔🅛🅐🅝🅓 The Bitcoin Boomer
@CARNAGE_3000X,@GaryLeland
@CARNAGE_3000X,AlphaDeployer.eth
@CARNAGE_3000X,@OxAlphadeployer
@CARNAGE_3000X,$Ethereum
@CARNAGE_3000X,@ethereumon_sol
@CARNAGE_3000X,GILBERT BURNS DURINHO
@CARNAGE_3000X,@GilbertDurinho
@CARNAGE_3000X,XclusiveETH
@CARNAGE_3000X,@XclusiveETH
@CARNAGE_3000X,Hunt the Dip
@CARNAGE_3000X,@HuntTheDipAI
@CARNAGE_3000X,BTC
@CARNAGE_3000X,@bullishtrumpERC
@CARNAGE_3000X,TOKEN2049
@CARNAGE_3000X,@token2049
@CARNAGE_3000X,Tremp Coin $TREMP
@CARNAGE_3000X,@tremperc20
@CARNAGE_3000X,Kermit
@CARNAGE_3000X,@0x_Kermit
@CARNAGE_3000X,bookofmattfurie
@CARNAGE_3000X,@bookofmattfurie
@CARNAGE_3000X,CRYPT 38
@CARNAGE_3000X,@CRYPT38
@CARNAGE_3000X,Noah
@CARNAGE_3000X,@Noahhweb3
@CARNAGE_3000X,$ANDEI
@CARNAGE_3000X,@ANDEICTO
@CARNAGE_3000X,Az
@CARNAGE_3000X,@Az_WhaleETH
@CARNAGE_3000X,MISTIK.v | NFG
@CARNAGE_3000X,@mistikvx
@CARNAGE_3000X,Ethy Whale
@CARNAGE_3000X,@ethywhale
@CARNAGE_3000X,Bleeves Crypto
@CARNAGE_3000X,@BleevesCrypto
@CARNAGE_3000X,Xxx pronسِكُس_كِتَاب شٕكَشْ
@CARNAGE_3000X,@Jonnykksi
@CARNAGE_3000X,yugu maxi
@CARNAGE_3000X,@degenyugu
@CARNAGE_3000X,Sheikh Khalid Al Rashid
@CARNAGE_3000X,@sheikgem
@CARNAGE_3000X,SHYROSHI
@CARNAGE_3000X,@SHYROSHIALPHA
@CARNAGE_3000X,USETH
@CARNAGE_3000X,@OfficialUSETH
@CARNAGE_3000X,EddieG
@CARNAGE_3000X,@double_down79
@CARNAGE_3000X,Sam Belfort
@CARNAGE_3000X,@morpheuswhale
@CARNAGE_3000X,Bullish
@CARNAGE_3000X,@TheBullishTradR
@CARNAGE_3000X,maxbidd
@CARNAGE_3000X,@lordmaxbid
@CARNAGE_3000X,adin
@CARNAGE_3000X,@adinross
@CARNAGE_3000X,Roaring Kitty
@CARNAGE_3000X,@TheRoaringKitty
@CARNAGE_3000X,Roaring Kitty $DFV
@CARNAGE_3000X,@DFVCoinErc20
@EricCryptoman,Dōgen
@EricCryptoman,@realdogen
@EricCryptoman,CryptoSkull ze last bull standing
@EricCryptoman,CryptoSkull
@EricCryptoman,ze last bull standing
@EricCryptoman,@cryptoskullx
@EricCryptoman,chirocryptø
@EricCryptoman,@chirocrypto
@EricCryptoman,MOON KING B-ROOTS
@EricCryptoman,@iambroots
@EricCryptoman,POΞ
@EricCryptoman,@Poe_Ether
@EricCryptoman,Thor | Kirito
@EricCryptoman,@Thorshammergems
@EricCryptoman,Caff
@EricCryptoman,@ChadCaff
@EricCryptoman,𝐂𝐫𝐲𝐩𝐭𝐨 𝐅𝐮𝐧𝐝𝐚𝐦𝐞𝐧𝐭𝐚𝐥𝐬
@EricCryptoman,@BlocksNThoughts
@EricCryptoman,Jamie Kingston
@EricCryptoman,@jamiekingston
@EricCryptoman,Aeon
@EricCryptoman,@Crypto_Aeon7
@EricCryptoman,ALΞX
@EricCryptoman,@CrossChainAlex
@EricCryptoman,Crypto Matt
@EricCryptoman,@CryptoMatt87
@EricCryptoman,Jamma Pelson
@EricCryptoman,@jammathehamma1
@EricCryptoman,JasonCryptoApe 
@EricCryptoman,@JasonCryptoFTW
@EricCryptoman,Ben Buckwalter
@EricCryptoman,@BenBuckwalter
@EricCryptoman,Noodles
@EricCryptoman,@criptopaul
@EricCryptoman,RoyalChad
@EricCryptoman,@zee_maker
@EricCryptoman,Trader Roshi
@EricCryptoman,@AltMasterRoshi
@EricCryptoman,Gems of Ra
@EricCryptoman,@GemsofRa
@EricCryptoman,JΞNNINGS MAYNΞ
@EricCryptoman,@whalenjennings
@EricCryptoman,$paul CTO
@EricCryptoman,@paulsolanacto
@EricCryptoman,Falcs
@EricCryptoman,@0xFalcs
@EricCryptoman,Ethereumdog | $ETHDOG
@EricCryptoman,@EthDogOnEth
@EricCryptoman,PepeTron
@EricCryptoman,@TheRealPepeTron
@EricCryptoman,Four.Meme
@EricCryptoman,@four_meme_
@EricCryptoman,SUNBURN | First Deflationary Coin on TRON
@EricCryptoman,@SunburnTron_X
@EricCryptoman,Brozinker
@EricCryptoman,@brozinkerbell
@EricCryptoman,sumfattytuna
@EricCryptoman,@sumfattytuna
@EricCryptoman,Marcell
@EricCryptoman,@MarcellxMarcell
@EricCryptoman,Doxxed Gem Club d/acc
@EricCryptoman,@DoxxedChannel
@EricCryptoman,SunPump
@EricCryptoman,@sunpumpmeme
@EricCryptoman,Troge
@EricCryptoman,@Trogetron
@EricCryptoman,Fofar
@EricCryptoman,@FofarTron
@EricCryptoman,SunWukong on TRX
@EricCryptoman,@SunWukongOG
@EricCryptoman,Hank
@EricCryptoman,@Hankusun
@EricCryptoman,Donald Tronp
@EricCryptoman,@Donaldtronp_trx
@EricCryptoman,TieDan铁蛋
@EricCryptoman,@TieDanCoin
@EricCryptoman,ZeitCrypto
@EricCryptoman,@ZeitCrypto
@EricCryptoman,Yelo
@EricCryptoman,@yelotree
@EricCryptoman,TRON DAO
@EricCryptoman,@trondao
@EricCryptoman,SafeSun TRX $SFS
@EricCryptoman,SafeSun
@EricCryptoman,TRX $SFS
@EricCryptoman,@SafeSunTRON
@EricCryptoman,TronLink
@EricCryptoman,@TronLinkWallet
@EricCryptoman,Dylan.Eth
@EricCryptoman,@dylansdegens
@EricCryptoman,DEVHUB Platform | Powered by AI
@EricCryptoman,@devhub_project
@EricCryptoman,6ix9ine
@EricCryptoman,@6ix9ine
@EricCryptoman,Neiro On Ethereum
@EricCryptoman,@NeiroOnEthereum
@EricCryptoman,Neiroshi
@EricCryptoman,@TheNeiroshi
@EricCryptoman,KING ADVISORY & MARKETING
@EricCryptoman,@KINGWAGYU_X
@EricCryptoman,Yawn
@EricCryptoman,@yawnsworld
@EricCryptoman,HahaYes
@EricCryptoman,@hahayesonsol
@EricCryptoman,Bagz (the real one)
@EricCryptoman,@bagzybagz1321
@EricCryptoman,babyneiro
@EricCryptoman,@baby_neiro_coin
@EricCryptoman,Nachi
@EricCryptoman,@alphawifhat
@EricCryptoman,qw
@EricCryptoman,@QwQiao
@EricCryptoman,HTL-NL
@EricCryptoman,@htltimor
@EricCryptoman,$TSUJI CTO
@EricCryptoman,@cto_tsuji
@EricCryptoman,Professor
@EricCryptoman,@Prof_math99
@EricCryptoman,"Alex (τ, ℚ)"
@EricCryptoman,@ALofurno_
@EricCryptoman,Altcoinist.com
@EricCryptoman,@Altcoinist_com
@EricCryptoman,Sean O'Malley
@EricCryptoman,@SugaSeanMMA
@EricCryptoman,tsutsuji
@EricCryptoman,@tsutsujiERC20
@EricCryptoman,Bill
@EricCryptoman,@billthebearmeme
@EricCryptoman,teamspacemesh
@EricCryptoman,@teamspacemesh
@EricCryptoman,Nature is Amazing
@EricCryptoman,@AMAZlNGNATURE
@EricCryptoman,Crazy Clips
@EricCryptoman,@crazyclips_
@EricCryptoman,BONY
@EricCryptoman,@JonnyBones
@EricCryptoman,Automatix
@EricCryptoman,@automatix0123
