@iambroots,Ian Heinisch,@ianheinischmma
@iambroots,Dōgen,@realdogen
@iambroots,Eric Cryptoman,@EricCryptoman
@iambroots,CryptoSkull ze last bull standing,@cryptoskullx
@iambroots,Thor | Kirito,@Thorshammergems
@iambroots,POΞ,@Poe_Ether
@iambroots,Aeon,@Crypto_Aeon7
@iambroots,MrO.CULT,@MrOmodulus
@iambroots,Cult.DAO,@wearecultdao
@iambroots,Crypto Matt,@CryptoMatt87
@iambroots,Jamma Pelson,@jammathehamma1
@iambroots,Elon Goat Token,@ElonGoatToken
@iambroots,CARNAGE | NFG,@CARNAGE_3000X
@iambroots,Mando,@TheCryptoMando
@iambroots,pallet jacker 69,@palletjacker69
@iambroots,𝕳𝖔𝖑𝖑𝖞 𝕳𝖊𝖆𝖗𝖙,@holly__heart
@iambroots,AnnaGems,@CryptoGirlAnna
@iambroots,thomas,@crypto_TomTom
@iambroots,Dominic Ryder | POD,@dominicVEMP
@iambroots,THE CRYPTO KNIGHT,@Thecultknight
@iambroots,PAW,@PawChain
@iambroots,Crazy Clips,@crazyclipsonly
@iambroots,Real Crazy Fights,@RealCrazyFight_
@iambroots,Oracle Cat,@OracleCatSol
@iambroots,Shib,@Shibtoken
@iambroots,IvanPicazoOfficial,@IamIvanPicazo
@iambroots,RagnarShib.eth,@RagnarShiba
@iambroots,MenaceXBT,@MenaceXBT
@iambroots,sarah johnston,@urchinray
@iambroots,Kate Rose,@rosebudgems_
@iambroots,Xanders Shib,@ShibaXanders
@iambroots,Morbid Knowledge,@Morbidful
@iambroots,Mental Health Foundation,@mentalhealth
@iambroots,Support,@Support
@iambroots,SuperSecretSpy,@cryptosecretspy
@iambroots,Mario Nawfal’s Roundtable,@RoundtableSpace
@iambroots,Peruvian Bull,@peruvian_bull
@iambroots,Monkey_Shit_Inu (MSI),@Monkey_Shit_inu
@iambroots,PabloCRO,@Pablo_cro
@iambroots,Kai-Ken On ETH,@kaiken_eth
@iambroots,Davinci Jeremie,@Davincij15
@iambroots,Gibson,@gibmercs
@iambroots,MinisterOfNFTs,@MinisterOfNFTs
@iambroots,Erik Stevens,@HopiumPapi
@ianheinischmma,MOON KING B-ROOTS,@iambroots
@ianheinischmma,JAKE,@JakeGagain
@ianheinischmma,Dōgen,@realdogen
@ianheinischmma,Adam Shelton (Captain),@AdamEShelton
@ianheinischmma,POΞ,@Poe_Ether
@ianheinischmma,Proof Of Memes - POM,@Proof_Of_Memes
@ianheinischmma,Elon Goat Token,@ElonGoatToken
@ianheinischmma,JasonCryptoApe ,@JasonCryptoFTW
@ianheinischmma,ANIME,@ANIMEL0VER94
@ianheinischmma,kryptoChay.eth,@kryptochay
@ianheinischmma,Bleeves Crypto,@BleevesCrypto
@ianheinischmma,Volted Dragons Sailors Club,@VDSC_Official
@ianheinischmma,CARNAGE | NFG,@CARNAGE_3000X
@Saitamaguru1,SaitaChain,@SaitaChainCoin
@Saitamaguru1,Mkay SaitaChain,@mannythehitman
@Saitamaguru1,ElonMansur,@ElonMansur_STC
@Saitamaguru1,GABE KLEIN,@kleingabriel
@Saitamaguru1,SaitaSwap,@Saita_Swap
@Saitamaguru1,Nam Tran,@Ntran1234
@Saitamaguru1,AJ,@ajcartel_17
@Saitamaguru1,Saitama Kingdom,@SaitamaKingdom_
@Saitamaguru1,Mrs. Saitama / Mrs. SaitaChain,@MrsSaitama
@Saitamaguru1,kobe,@NeoRivera2
@Saitamaguru1,#VZZN CORPORATION #VZZNTOKEN,@VZZNBUILDER1
@Saitamaguru1,CryptoGabriel,@cryptogabri3l
@Saitamaguru1,Shaka Tha God,@ShakaThaGod
@mannythehitman,SaitaChain,@SaitaChainCoin
@mannythehitman,ElonMansur,@ElonMansur_STC
@mannythehitman,Dubai SaitaChain,@SaitaChainDubai
@mannythehitman,GABE KLEIN,@kleingabriel
@mannythehitman,SaitaSwap,@Saita_Swap
@mannythehitman,Nam Tran,@Ntran1234
@mannythehitman,AJ,@ajcartel_17
@mannythehitman,Mrs. Saitama / Mrs. SaitaChain,@MrsSaitama
@mannythehitman,kobe,@NeoRivera2
@mannythehitman,CryptoGabriel,@cryptogabri3l
@mannythehitman,HTN,@CryptoServidora
@mannythehitman,#VZZN CORPORATION #VZZNTOKEN,@VZZNBUILDER1
@mannythehitman,Trill,@RWOTrilly
@mannythehitman,Crypto Alert,@cryptoal3rt
@mannythehitman,Darren,@english_foolery
@mannythehitman,Epay.me,@Epayme_uae
@mannythehitman,Henok,@henokcrypto
@mannythehitman,CryptoDamon,@CryptoDamon_
@mannythehitman,Chewy The Comeback Story. Finding my $ikigai,@chewyhwy211
@mannythehitman,~ Spiggy ~,@Spigg1115
@mannythehitman,rektober,@rektober
@mannythehitman,Third World War Info,@WW3Info
@mannythehitman,ZAINABZEHRA,@ZAINABALI_72
@mannythehitman,Justice for WazirX Users,@IndiasCrypto
@mannythehitman,Neel (Crypto Jargon),@Crypto_Jargon
@mannythehitman,juju,@ayeejuju
@mannythehitman,Duo Nine YCC,@DU09BTC
@AdamEShelton,Ian Heinisch,@ianheinischmma
@AdamEShelton,Rodney,@cryptojourneyrs
@AdamEShelton,Zach Humphries,@Z_Humphries
@AdamEShelton,Henok,@henokcrypto
@AdamEShelton,Bleeves Crypto,@BleevesCrypto
@AdamEShelton,Phaltron The Mastermind,@phaltron
@AdamEShelton,Fox Crypto,@itsFoxCrypto
@AdamEShelton,Elon Musk (Parody),@ElonMuskPDA
@AdamEShelton,Voltedranger,@voltedranger
@AdamEShelton,AuzSOME Austin,@AuzsomeAustin
@AdamEShelton,kryptoChay.eth,@kryptochay
@AdamEShelton,Volted Dragons Sailors Club,@VDSC_Official
@AdamEShelton,Austin Hilton,@austinahilton
@AdamEShelton,December DeMarco,@DecemberDeMarco
@AdamEShelton,Cinthia Tamayo,@cryptolatina111
@AdamEShelton,Garo,@RealCryptorich
@AdamEShelton,Dj Legendz,@djlegendz
@AdamEShelton,MediChainX,@MediChainX
@AdamEShelton,Dr. Hodl,@NikolaBench
@AdamEShelton,Gain Bangers.VOLT,@Young_Light317
@AdamEShelton,HEARTLENT Group,@HeartlentGroup
@AdamEShelton,Vedoo,@VedooApp
@AdamEShelton,Heduardo85 A.K.A. JWSUCCEED,@JWSucceed
@AdamEShelton,200 KG,@GarnhamKarl
@AdamEShelton,Joyboy,@Johnnie_Krypto
@AdamEShelton,SnowPygmy,@SnowPygmy
@AdamEShelton,Crypto4Harris,@Crypto4Harris
@AdamEShelton,RayRay,@Rayisthatguy
@AdamEShelton,SunWukongCTO,@SunWukongOG
@AdamEShelton,Doge,@DeptOfDoge
@AdamEShelton,Unreal AI,@TheUnrealAI
@AdamEShelton,H.E. Justin Sun 孙宇晨(hiring),@justinsuntron
@AdamEShelton,Smoking Eagle Dog CTO,@SmokingEagleDog
@AdamEShelton,Crypto Verse,@CryptoVerse_Co
@AdamEShelton,TOPCAT,@TOPCATONX
@AdamEShelton,Crypto Talkz,@CryptoTalkzInfo
@AdamEShelton,BABY Giveaways,@Babyproms
@AdamEShelton,FOGNET,@FOGNET2024
@AdamEShelton,Nicolas,@Nicolas_0628
@AdamEShelton,IDCrypto official,@idcryp_to
@AdamEShelton,Crypto Clash,@CryptoClash1
@AdamEShelton,Unknown,@0xplayer2
@AdamEShelton,Kinan,@kinantyong
@AdamEShelton,ElonMoons,@ElonMoons_
@AdamEShelton,Very Demure Solana,@verydemuresol
@AdamEShelton,Polite Cat,@SolPocat
@AdamEShelton,Nish,@airfishsol
@AdamEShelton,GMEonSol,@gmecoinsol
@AdamEShelton,Gluon,@Gluondex
@AdamEShelton,Baby Eagle,@BabyEagle_NFT
@AdamEShelton,Panda Armies,@panda_armies
@AdamEShelton,Beagle,@BnBeagle
@AdamEShelton,FighterCat,@FighterCatToken
@AdamEShelton,Amanda Nazaret Mills,@Amandamillsnz
@AdamEShelton,Babble AI,@Babble_AI
@AdamEShelton,Pavel Durov,@durov
@AdamEShelton,Solus Group,@solus_group
@AdamEShelton,Naz Ventura,@naz_ventura
@AdamEShelton,Goodwin,@Goodwi_
@AdamEShelton,Steve Green,@SteveGr65272725
@AdamEShelton,Crypto ROB,@RobertT14297102
@AdamEShelton,Jujuan,@Jujuan7777
@AdamEShelton,DogBone80,@dogbone80
@ElonMansur_STC,Russell Armand,@Saitamaguru1
@ElonMansur_STC,Mkay SaitaChain,@mannythehitman
@ElonMansur_STC,SaitaChain,@SaitaChainCoin
@ElonMansur_STC,Dubai SaitaChain,@SaitaChainDubai
@ElonMansur_STC,GABE KLEIN,@kleingabriel
@ElonMansur_STC,Nam Tran,@Ntran1234
@ElonMansur_STC,SaitaSwap,@Saita_Swap
@ElonMansur_STC,AJ,@ajcartel_17
@ElonMansur_STC,Saitama Kingdom,@SaitamaKingdom_
@ElonMansur_STC,Mrs. Saitama / Mrs. SaitaChain,@MrsSaitama
@ElonMansur_STC,CryptoGabriel,@cryptogabri3l
@ElonMansur_STC,kobe,@NeoRivera2
@ElonMansur_STC,#VZZN CORPORATION #VZZNTOKEN,@VZZNBUILDER1
@ElonMansur_STC,HTN,@CryptoServidora
@ElonMansur_STC,Shaka Tha God,@ShakaThaGod
@ElonMansur_STC,Crypto Alert,@cryptoal3rt
@ElonMansur_STC,Deb,@LifebyDeb
@ElonMansur_STC,Darren,@english_foolery
@ElonMansur_STC,Epay.me,@Epayme_uae
@ElonMansur_STC,Karnn Bhandarii,@karanbhandari10
@ElonMansur_STC,BitBoy,@BenArmstrongsX
@ElonMansur_STC,BIG HUTCH,@bighutcheth
@ElonMansur_STC,Lord Kek,@LordkekLoL
@ElonMansur_STC,SNEAKO,@sneako
@ElonMansur_STC,Bajram Begaj,@BajramBegajAL
@ElonMansur_STC,Trinidad and Tobago Government Communications,@ttgovcomms
@ElonMansur_STC,Threema,@ThreemaApp
@ElonMansur_STC,David Gokhshtein,@davidgokhshtein
@ElonMansur_STC,Fereshteh Forough,@f_forough
@ElonMansur_STC,HesabPay,@HesabPay_
@ElonMansur_STC,Bleeves Crypto,@BleevesCrypto
@ElonMansur_STC,André Twate,@AndreTwate
@ElonMansur_STC,HiveToken,@TheHiveToken
@ElonMansur_STC,PriceDictionary,@PriceDictionary
@ElonMansur_STC,jimmyhuang,@jimmyhuang168
@ElonMansur_STC,Nawlins SaitaChain,@Nawlins_STC
@ElonMansur_STC,Jo Anne,@queendanne21
@ElonMansur_STC,Saita Rewards Token,@SaitaRewards
@ElonMansur_STC,Mr. BIG WHALE,@MrBigWhaleREAL
@ElonMansur_STC,Dr. iPhone,@Dr_iPh0ne
@ElonMansur_STC,kuzn’,@Kuzn11shibeco
@ElonMansur_STC,L O S _ A N G E L E S,@RedDragon2028
@ElonMansur_STC,Stewart Lorenzo Kingdom,@Stewartlorenzo1
@ElonMansur_STC,SaitaChain Wolf,@SaitaWolverine
@ElonMansur_STC,Scott Crypto Warrior #,@ScottLEOWarrior
@ElonMansur_STC,Sb,@Bahadur20139203
@ElonMansur_STC,Voice of Meru™,@MutumaoNkanata
@ElonMansur_STC,Red Saitachain - Saitama Kingdom,@Red_Kickbox
@ElonMansur_STC,Dennis Wuiyo/STC SBC24,@life00017
@ElonMansur_STC,Wolf SaitaChain,@SaitaChain_STC
@ElonMansur_STC,President Dr Irfaan Ali,@presidentaligy
@ElonMansur_STC,Steven Steele,@MrStevenSteele
@ElonMansur_STC,IGGY AZALEA,@IGGYAZALEA
@ElonMansur_STC,Donald J. Trump Posts From His Truth Social,@TrumpDailyPosts
@ElonMansur_STC,S,@sebastianaor
@ElonMansur_STC,raj,@rajgokal
@ElonMansur_STC,Lee Williams Jr,@LeeWilliamsJr3
@ElonMansur_STC,Luke Belmar,@lukebelmar
@ElonMansur_STC,Caitlyn Jenner,@Caitlyn_Jenner
@ElonMansur_STC,Crypto Bitlord,@crypto_bitlord7
@ElonMansur_STC,$༒︎€₿URN€R KINGDOM,@AdrianBuda8
@ElonMansur_STC,wolf king,@kingSaitachain
@ElonMansur_STC,Hazeleyes Crypto debonair!,@lovelyeyes321
@ElonMansur_STC,Phaltron The Mastermind,@phaltron
@ElonMansur_STC,Crypto Tony,@CryptoTony__
@cryptojourneyrs,JAKE,@JakeGagain
@cryptojourneyrs,Volt Inu,@VoltInuOfficial
@cryptojourneyrs,Adam Shelton (Captain),@AdamEShelton
@cryptojourneyrs,Deb,@LifebyDeb
@cryptojourneyrs,Zach Humphries,@Z_Humphries
@cryptojourneyrs,Bleeves Crypto,@BleevesCrypto
@cryptojourneyrs,Henok,@henokcrypto
@cryptojourneyrs,Phaltron The Mastermind,@phaltron
@cryptojourneyrs,AuzSOME Austin,@AuzsomeAustin
@cryptojourneyrs,Volted Dragons Sailors Club,@VDSC_Official
@cryptojourneyrs,OldGuyDavid (Satire/Parody),@OldGuyDavid2022
@cryptojourneyrs,Cinthia Tamayo,@cryptolatina111
@cryptojourneyrs,Dj Legendz,@djlegendz
@cryptojourneyrs,ANIME,@ANIMEL0VER94
@cryptojourneyrs,Scott Herman,@Scott_Herman
@cryptojourneyrs,Gain Bangers.VOLT,@Young_Light317
@cryptojourneyrs,MediChainX,@MediChainX
@cryptojourneyrs,Cool N' Criss,@CoolNCriss
@cryptojourneyrs,CryptoChick,@CryptoChick06
@cryptojourneyrs,2bit Crypto,@2bitcrypto_YT
@cryptojourneyrs,Booby,@basedbooby
@cryptojourneyrs,Neiro On Ethereum,@NeiroOnEthereum
@cryptojourneyrs,TRON DAO,@trondao
@cryptojourneyrs,Brozinker,@brozinkerbell
@cryptojourneyrs,TronLink,@TronLinkWallet
@cryptojourneyrs,SunPump,@sunpumpmeme
@cryptojourneyrs,Fofar,@FofarTron
@cryptojourneyrs,$BULL,@bullontron
@cryptojourneyrs,kieran.base.eth,@KieranOnBase
@cryptojourneyrs,Cindy Manit,@cindymanit
@cryptojourneyrs,RECORDIAN,@Recordian_Music
@cryptojourneyrs,FOS,@BLMG_FOS
@cryptojourneyrs,The Lawlers,@TheLawlers
@cryptojourneyrs,Svn Frvncisco D.E.O.,@DEO415
@cryptojourneyrs,dash,@dash10000x
@cryptojourneyrs,Adrian Robison,@adrianrobison
@cryptojourneyrs,basedmc.base.eth,@based_minecraft
@cryptojourneyrs,JesseChrist,@jessechristcoin
@cryptojourneyrs,Air,@majinair
@cryptojourneyrs,hgtp://altif,@altifbrown
@cryptojourneyrs,Father Pepe,@BasedFatherPepe
@cryptojourneyrs,Pantheons Podcast,@Pantheonspod
@cryptojourneyrs,"John Bummit, PhD.",@JohnBummit
@cryptojourneyrs,juju,@ayeejuju
@cryptojourneyrs,Ralph,@ralphscall
@cryptojourneyrs,CrisVond,@cris_vond
@cryptojourneyrs,Layefar Peterson,@PETERSON_LAYEFA
@cryptojourneyrs,Crypto_Willy,@Cryptochad3000
@cryptojourneyrs,Lordchirod,@Lordchirod9
@cryptojourneyrs,Benji,@Benji_420
@cryptojourneyrs,MikeRed,@mikeredart
@cryptojourneyrs,Kabosu,@Kabosutokeneth
@cryptojourneyrs,QueenB,@roaringkity
@cryptojourneyrs,crying cat,@savecryingcats
@cryptojourneyrs,Hater Report,@HaterReport_
@Z_Humphries,JAKE,@JakeGagain
@Z_Humphries,YourPOP,@Yourpop8
@Z_Humphries,Adam Shelton (Captain),@AdamEShelton
@Z_Humphries,Rodney,@cryptojourneyrs
@Z_Humphries,Henok,@henokcrypto
@Z_Humphries,Deb,@LifebyDeb
@Z_Humphries,Del Crxpto,@DelCrxpto
@Z_Humphries,Austin Hilton,@austinahilton
@Z_Humphries,Bleeves Crypto,@BleevesCrypto
@Z_Humphries,$SHIB ALEXANDER,@ShibAlexander
@Z_Humphries,𝐋𝖆𝖉𝖞 𝐂𝖗𝖞𝖕𝖙𝖔,@ShibArmy_4Life
@Z_Humphries,DEZAXE,@Dezaxe
@Z_Humphries,william_volk,@william_volk
@henokcrypto,JAKE,@JakeGagain
@henokcrypto,Mkay SaitaChain,@mannythehitman
@henokcrypto,Volt Inu,@VoltInuOfficial
@henokcrypto,Rodney,@cryptojourneyrs
@henokcrypto,Adam Shelton (Captain),@AdamEShelton
@henokcrypto,Ian Heinisch,@ianheinischmma
@henokcrypto,Zach Humphries,@Z_Humphries
@henokcrypto,YourPOP,@Yourpop8
@henokcrypto,Deb,@LifebyDeb
@henokcrypto,GABE KLEIN,@kleingabriel
@henokcrypto,Bleeves Crypto,@BleevesCrypto
@henokcrypto,Phaltron The Mastermind,@phaltron
@henokcrypto,Shaka Tha God,@ShakaThaGod
@Thorshammergems,Dōgen,@realdogen
@Thorshammergems,chirocryptø,@chirocrypto
@Thorshammergems,CryptoSkull ze last bull standing,@cryptoskullx
@Thorshammergems,POΞ,@Poe_Ether
@Thorshammergems,Cryptic_Maestro,@Cryptic_Maestro
@Thorshammergems,Jamie Kingston,@jamiekingston
@Thorshammergems,Aeon,@Crypto_Aeon7
@Thorshammergems,JasonCryptoApe ,@JasonCryptoFTW
@Thorshammergems,Crypto Matt,@CryptoMatt87
@Thorshammergems,Gems of Ra,@GemsofRa
@Thorshammergems,Ben Buckwalter,@BenBuckwalter
@Thorshammergems,Trader Roshi,@AltMasterRoshi
@Thorshammergems,ANIME,@ANIMEL0VER94
@kleingabriel,Russell Armand,@Saitamaguru1
@kleingabriel,Mkay SaitaChain,@mannythehitman
@kleingabriel,SaitaChain,@SaitaChainCoin
@kleingabriel,ElonMansur,@ElonMansur_STC
@kleingabriel,Dubai SaitaChain,@SaitaChainDubai
@kleingabriel,Nam Tran,@Ntran1234
@kleingabriel,SaitaSwap,@Saita_Swap
@kleingabriel,AJ,@ajcartel_17
@kleingabriel,Saitama Kingdom,@SaitamaKingdom_
@kleingabriel,Mrs. Saitama / Mrs. SaitaChain,@MrsSaitama
@kleingabriel,CryptoGabriel,@cryptogabri3l
@kleingabriel,kobe,@NeoRivera2
@kleingabriel,#VZZN CORPORATION #VZZNTOKEN,@VZZNBUILDER1
@kleingabriel,Shaka Tha God,@ShakaThaGod
@kleingabriel,HTN,@CryptoServidora
@kleingabriel,Crypto Alert,@cryptoal3rt
@kleingabriel,Darren,@english_foolery
@kleingabriel,Karnn Bhandarii,@karanbhandari10
@kleingabriel,Epay.me,@Epayme_uae
@kleingabriel,CryptoDamon,@CryptoDamon_
@kleingabriel,Grok,@grok
@kleingabriel,fal,@fal_ai_data
@kleingabriel,Hosun,@hosun_chung
@kleingabriel,JoFae,@JoFae22
@kleingabriel,SaitaChain Merchandise,@SaitaMerch
@kleingabriel,The Crypto Times,@CryptoTimes_io
@kleingabriel,Madni Aghadi,@hey_madni
@kleingabriel,Juanito Medina,@juanitomedinart
@kleingabriel,Grigoreen - comms open,@Grigoreen
@BleevesCrypto,Volt Inu,@VoltInuOfficial
@BleevesCrypto,Rodney,@cryptojourneyrs
@BleevesCrypto,Ian Heinisch,@ianheinischmma
@BleevesCrypto,Adam Shelton (Captain),@AdamEShelton
@BleevesCrypto,Henok,@henokcrypto
@BleevesCrypto,Voltedranger,@voltedranger
@BleevesCrypto,kryptoChay.eth,@kryptochay
@BleevesCrypto,Volted Dragons Sailors Club,@VDSC_Official
@BleevesCrypto,AuzSOME Austin,@AuzsomeAustin
@BleevesCrypto,December DeMarco,@DecemberDeMarco
@BleevesCrypto,Dj Legendz,@djlegendz
@BleevesCrypto,MediChainX,@MediChainX
@BleevesCrypto,Phaltron The Mastermind,@phaltron
@Ntran1234,CoinDCX: India's Safest Crypto Platform,@CoinDCX
@Ntran1234,Crypto Alert,@cryptoal3rt
@Ntran1234,Upbit Global,@upbitglobal
@Ntran1234,Upbit Korea,@Official_Upbit
@Ntran1234,RACER,@justsayitffs
@Ntran1234,Bleeves Crypto,@BleevesCrypto
@Ntran1234,POWELLY,@MPowelly02
@Ntran1234,Vi€tS0uL | #SaitaChain | Kingdom | #SaitaCard |,@VietS0uL
@Ntran1234,AltGemHunter,@AltGemHunt
@Ntran1234,Thanhconnect,@Thanhconnect
@Ntran1234,Donald J. Trump,@realDonaldTrump
@Ntran1234,Anand Sinha,@anandsinha095
@Ntran1234,Ninety Eight,@ninetyeight_hq
@Ntran1234,Vinh The Nguyen,@drofin69
@Ntran1234,BSCN,@BSCNews
@Ntran1234,Sleepy Joe Token (ERC-20),@SleepyJoe_Token
@Ntran1234,Ash Crypto,@Ashcryptoreal
@Ntran1234,Rahul Rohit Parikh kingdom,@rahulparikh94
@Ntran1234,LBank.com,@LBank_Exchange
@Ntran1234,Bitrue,@BitrueOfficial
@Ntran1234,Grok,@grok
@Ntran1234,KoinBX,@KoinBX
@Ntran1234,SpaceX,@SpaceX
@Ntran1234,Michael Saylor,@saylor
@Ntran1234,X Bridge,@XBridge_
@Ntran1234,Mr. S Kingdom / STC,@CallMeMrEs
@Ntran1234,MOLT MEDIA,@MoltMoney
@Ntran1234,Rockit Crypto,@RockitCrypto
@Ntran1234,Conway East,@ConwayEastFB
@Ntran1234,Umesh,@TheMotionMan
@Ntran1234,Coinbase Wallet,@CoinbaseWallet
@Ntran1234,OKX,@okx
@Ntran1234,Philip Charles,@philctbiker
@Ntran1234,Bitget,@bitgetglobal
@Ntran1234,HTX,@HTX_Global
@Ntran1234,NOWNodes,@NOWNodes
@Ntran1234,Human Appeal,@HumanAppeal
@phaltron,Rodney,@cryptojourneyrs
@phaltron,Henok,@henokcrypto
@phaltron,Sky Walker / Jesus Daniel,@SkyWalker64007
@phaltron,OldGuyDavid (Satire/Parody),@OldGuyDavid2022
@phaltron,Sir Crypto,@1SirCrypto
@phaltron,Bleeves Crypto,@BleevesCrypto
@phaltron,AuzSOME Austin,@AuzsomeAustin
@phaltron,ANIME,@ANIMEL0VER94
@phaltron,Scott Herman,@Scott_Herman
@phaltron,🆃🅴🆃🆁.ton,@TETRADeFi
@phaltron,Cool N' Criss,@CoolNCriss
@phaltron,Johnny,@JohnnyT231
@phaltron,MrCultmander.cult,@Cultmander76
@phaltron,Bree Giordano ☽☾,@xravexbabyx
@phaltron,Mr. Preach,@LittleManPower
@phaltron,Ryan Patrick,@ryanpcrypto
@phaltron,"GuUGoD τeĦ DeGeNerAτe (,) (,) (,)",@GuuGod777
@phaltron,bmade .cult,@bmadecult
@phaltron,Soldier.$TON,@cryptosoldier__
@phaltron,"Vici ( τ , ϙ )",@vici_trades
@phaltron,Seth Dillon,@SethDillon
@phaltron,Kyle Mann,@The_Kyle_Mann
@phaltron,PBD Podcast,@PBDsPodcast
@phaltron,carwrangler,@carwrangler0x
@phaltron,KuMaR (Alt),@TheKumar777
@phaltron,Doctor Cryptoman,@Doctorcryptoman
@phaltron,Crying Cat,@ogcryingcat
@phaltron,"Andrea Lynn, RN",@andrealynn_rn2
@phaltron,H.E. Justin Sun 孙宇晨(hiring),@justinsuntron
@phaltron,cryptobully1,@Bullishnr1
@phaltron,Moe,@KGMo2300
@phaltron,Quinnjerman,@Michael97439428
@phaltron,Crypto Gems Sniper,@BscGemSniper
@phaltron,Mike,@SleepyyMike
@phaltron,Vignesh Ashok,@VigneshAshok16
@phaltron,Corn Pop,@wtobe60
@ANIMEL0VER94,Thor | Kirito,@Thorshammergems
@ANIMEL0VER94,Jamie Kingston,@jamiekingston
@ANIMEL0VER94,POΞ,@Poe_Ether
@ANIMEL0VER94,AJ,@ajcartel_17
@ANIMEL0VER94,Rodney,@cryptojourneyrs
@ANIMEL0VER94,Shaka Tha God,@ShakaThaGod
@ANIMEL0VER94,Phaltron The Mastermind,@phaltron
@ANIMEL0VER94,Jeff,@CryptoOldFella
@ANIMEL0VER94,Gems of Ra,@GemsofRa
@ANIMEL0VER94,JasonCryptoApe ,@JasonCryptoFTW
@ANIMEL0VER94,Trill,@RWOTrilly
@ANIMEL0VER94,HTN,@CryptoServidora
@ANIMEL0VER94,OldGuyDavid (Satire/Parody),@OldGuyDavid2022
@VZZNBUILDER1,Russell Armand,@Saitamaguru1
@VZZNBUILDER1,Mkay SaitaChain,@mannythehitman
@VZZNBUILDER1,SaitaChain,@SaitaChainCoin
@VZZNBUILDER1,ElonMansur,@ElonMansur_STC
@VZZNBUILDER1,GABE KLEIN,@kleingabriel
@VZZNBUILDER1,Dubai SaitaChain,@SaitaChainDubai
@VZZNBUILDER1,Nam Tran,@Ntran1234
@VZZNBUILDER1,AJ,@ajcartel_17
@VZZNBUILDER1,SaitaSwap,@Saita_Swap
@VZZNBUILDER1,Saitama Kingdom,@SaitamaKingdom_
@VZZNBUILDER1,Mrs. Saitama / Mrs. SaitaChain,@MrsSaitama
@VZZNBUILDER1,Shaka Tha God,@ShakaThaGod
@VZZNBUILDER1,kobe,@NeoRivera2
@VDSC_Official,Volt Inu,@VoltInuOfficial
@VDSC_Official,PabloCRO,@Pablo_cro
@VDSC_Official,JAKE,@JakeGagain
@VDSC_Official,Ian Heinisch,@ianheinischmma
@VDSC_Official,Voltedranger,@voltedranger
@VDSC_Official,kryptoChay.eth,@kryptochay
@VDSC_Official,Adam Shelton (Captain),@AdamEShelton
@VDSC_Official,Bleeves Crypto,@BleevesCrypto
@VDSC_Official,December DeMarco,@DecemberDeMarco
@VDSC_Official,Henok,@henokcrypto
@VDSC_Official,Elon Musk (Parody),@ElonMuskPD
@VDSC_Official,Power Wright,@TheGen35
@VDSC_Official,CryptoChick,@CryptoChick06
@voltedranger,Volt Inu,@VoltInuOfficial
@voltedranger,JAKE,@JakeGagain
@voltedranger,kryptoChay.eth,@kryptochay
@voltedranger,Volted Dragons Sailors Club,@VDSC_Official
@voltedranger,December DeMarco,@DecemberDeMarco
@voltedranger,CryptoChick,@CryptoChick06
@voltedranger,BIG CAT,@bigcatsreal
@voltedranger,Kareem(VOLTED),@reem51627980
@voltedranger,Poloniex Exchange,@Poloniex
@voltedranger,Cassidy,@Cassidy_617
@voltedranger,VeLL,@Ferrarikid_718
@voltedranger,Z,@Volted_Z
@voltedranger,optimumhustle,@optimumhustle
@voltedranger,007 Crypto,@00Volt_Dallas
@voltedranger,Hound,@cryptohound817
@voltedranger,CRG,@MacroCRG
@voltedranger,Heatscore77,@heatscore777
@voltedranger,MANU,@wHy_m00n_sEr
@voltedranger,Lucky7,@LuckyNhan75
@voltedranger,Creator.eth,@creator2869
@voltedranger,Bill Cipher,@billcipherERC20
@voltedranger,Wall Street Bobo,@wallstreetbobo
@voltedranger,SunBird,@SUNBIRD_TRX
@voltedranger,Dogga,@dogga_tron
@voltedranger,Department Of Government Efficiency,@NewDogeOnETH
@voltedranger,Leo,@Leonardo_CMNT
@voltedranger,CARNAGE | NFG,@CARNAGE_3000X
@voltedranger,Deadpool Inu,@deadpoolinuerc
@voltedranger,Wolverine Inu,@WolverineInu
@voltedranger,vitalik.eth,@VitalikButerin
@voltedranger,Gou,@GouOnETH
@voltedranger,BagCalls,@BagCalls
@voltedranger,GGsOnly,@GG1nvestments
@voltedranger,Ken - The First Doge,@Thefirstdogeeth
@voltedranger,Catinbun,@catinbun
@voltedranger,5/10 zoomer girls,@averagezoomerg
@voltedranger,ram,@0xRamonos
@voltedranger,Technodoge (Fan Account),@astro_greek
@voltedranger,CITADEL WOLF,@citadelwolff
@voltedranger,hmmm,@hmmmsol
@voltedranger,azao,@azaomonk
@voltedranger,Pickle,@pickleonsol_cto
@voltedranger,daumen.eth,@daumeneth
@voltedranger,Eric Trump,@EricTrump
@voltedranger,Donald Trump Jr.,@DonaldJTrumpJr
@voltedranger,$SUNNY on Tron,@AlwaysSunnyTRON
@voltedranger,ONIGIRI CTO,@onigiri_cto
@austinahilton,JAKE,@JakeGagain
@austinahilton,Zach Humphries,@Z_Humphries
@austinahilton,Adam Shelton (Captain),@AdamEShelton
@austinahilton,YourPOP,@Yourpop8
@austinahilton,Rodney,@cryptojourneyrs
@austinahilton,Deb,@LifebyDeb
@austinahilton,Bleeves Crypto,@BleevesCrypto
@austinahilton,AuzSOME Austin,@AuzsomeAustin
@austinahilton,Saitama Kingdom,@SaitamaKingdom_
@austinahilton,Scott Herman,@Scott_Herman
@austinahilton,william_volk,@william_volk
@austinahilton,𝗭𝗜𝗡𝗨,@ZinuToken
@austinahilton,OldGuyDavid (Satire/Parody),@OldGuyDavid2022
@kryptochay,Volt Inu,@VoltInuOfficial
@kryptochay,JAKE,@JakeGagain
@kryptochay,Ian Heinisch,@ianheinischmma
@kryptochay,Voltedranger,@voltedranger
@kryptochay,Volted Dragons Sailors Club,@VDSC_Official
@kryptochay,Crypto4Life,@Crypto4Life_1
@kryptochay,Adam Shelton (Captain),@AdamEShelton
@kryptochay,Bleeves Crypto,@BleevesCrypto
@kryptochay,Cinthia Tamayo,@cryptolatina111
@kryptochay,December DeMarco,@DecemberDeMarco
@kryptochay,CryptoChick,@CryptoChick06
@kryptochay,Gain Bangers.VOLT,@Young_Light317
@kryptochay,Henok,@henokcrypto
@brozinkerbell,BasedBillionaire,@TimBased
@brozinkerbell,Cason 卡神,@Casonfoy
@brozinkerbell,SENDIT,@FULLSENDBRETT
@brozinkerbell,Crash,@CrashiusClay69
@degenbarbie,Bizonacci,@0xBizonacci
@degenbarbie,Bakaberg,@bakabergg
@degenbarbie,Pedro DC,@Pedr0_DC
@degenbarbie,Nyx,@Nyxqmt1
@degenbarbie,b.sol,@bsol_x
@degenbarbie,Dimitri,@DimitriDotEth
@degenbarbie,TheDefiApe,@TheDefiApe
@degenbarbie,mitch (rtrd/acc),@idrawline
@degenbarbie,CrayolaCapital,@Crayola_Capital
@degenbarbie,CTW,@CryptoTechWomen
@degenbarbie,Paulo Castagnoli,@pccastagnoli
@degenbarbie,SUNCAT CTO ON TRON,@Suncattron
@degenbarbie,SpiderCrypto |,@SpiderCrypto0x
@degenbarbie,Sara,@defi_darling
@degenbarbie,JD,@jtradestar
@degenbarbie,Bull of TRON,@bull_tron
@degenbarbie,Erequendi,@Erequendi_NFT
@degenbarbie,Crypto Insights,@CryptoInsightsX
@degenbarbie,Bybit,@Bybit_Official
@degenbarbie,Chrissy from the BLOCKS,@ChrisyFrmBLOCKS
@degenbarbie,Titan | Who Dis,@Whodis6964
@degenbarbie,geojam,@geojamofficial
@degenbarbie,Nate Rivers,@Nate_Rivers
@degenbarbie,naiive,@naiivememe
@degenbarbie,SunPump,@sunpumpmeme
@degenbarbie,OSF,@osf_rekt
@degenbarbie,Kate KittyWong,@pingthepingping
@degenbarbie,elKilombo,@elkilombo_
@degenbarbie,Gabriel Gagliardoni,@ggagliardoni
@degenbarbie,Alphiens (MINT IS LIVE),@TheAlphiens
@degenbarbie,Evca Wolf,@evcawolfCZ
@degenbarbie,6ix9ine,@6ix9ine
@degenbarbie,MoneyLord,@moneyl0rd
@degenbarbie,Eric Cryptoman,@EricCryptoman
@degenbarbie,BitProp,@CryptoBitcoin88
@degenbarbie,legen,@legen_eth
@degenbarbie,Pepe,@pepecoineth
@degenbarbie,Nancy Pelosi Stock Tracker ♟,@PelosiTracker_
@degenbarbie,Girls Club,@GirlsClub0x69
@degenbarbie,MOON KING B-ROOTS,@iambroots
@degenbarbie,Caff,@ChadCaff
@degenbarbie,Ralph,@ralphscall
@degenbarbie,Davinci Jeremie,@Davincij15
@degenbarbie,₿en Todar,@BenTodar
@degenbarbie,Solord,@solordio
@degenbarbie,Jakey,@SolJakey
@degenbarbie,Razaria,@razariaz_eth
@degenbarbie,ricky,@rickymferr
@MemeLordzRPG,James Bull,@MariusCrypt0
@MemeLordzRPG,Lady of Crypto,@LadyofCrypto1
@MemeLordzRPG,Alex Becker,@ZssBecker
@MemeLordzRPG,WIZZ ( beware scammers ),@CryptoWizardd
@MemeLordzRPG,Travladd Crypto,@OfficialTravlad
@MemeLordzRPG,sir.x,@sir_x_1
@MemeLordzRPG,Johnny,@CryptoGodJohn
@MemeLordzRPG,Sjuul | AltCryptoGems,@AltCryptoGems
@MemeLordzRPG,Dōgen,@realdogen
@MemeLordzRPG,Brycent,@brycent_
@MemeLordzRPG,Flame,@flamestore_xyz
@MemeLordzRPG,UxG,@UxGsol
@MemeLordzRPG,Based USA,@USA_CTO
@MemeLordzRPG,0xKarl | Eth,@0xchizitere_eth
@MemeLordzRPG,tmas,@itstylersays
@MemeLordzRPG,Rodney,@cryptojourneyrs
@MemeLordzRPG,GAIMIN,@GaiminIo
@MemeLordzRPG,Onchain Summit San Francisco,@onchainsf
@MemeLordzRPG,DOOMER,@DoomerOnBaseCTO
@MemeLordzRPG,AeroBud,@AeroBudCoin
@MemeLordzRPG,basedmc.base.eth,@based_minecraft
@MemeLordzRPG,jesse.base.eth,@jessepollak
@MemeLordzRPG,Late Night on Base,@latenightonbase
@MemeLordzRPG,Young Peezy on Base,@YoungPeezy_Pepe
@MemeLordzRPG,JustMoney,@JustMoneyIO
@MemeLordzRPG,PlayToEarn,@PlayToEarn
@MemeLordzRPG,MAGA TRUMP,@MAGATRUMPONBASE
@MemeLordzRPG,Alf The Crocodile,@AlfOnBase
@MemeLordzRPG,Secret Base,@BaseSecretBase
@MemeLordzRPG,Being Based,@BeingBasedIO
@MemeLordzRPG,'Stache,@CryptoStache
@MemeLordzRPG,The Based Cartel,@TheBasedCartel
@MemeLordzRPG,Mr. Miggles,@MrMigglesOnBase
@MemeLordzRPG,All Your Base Are Belong To Us,@AllYourBase_AYB
@MemeLordzRPG,$ROOST ON BASE,@RoostCoin
@MemeLordzRPG,The Degensons,@degensonsonbase
@MemeLordzRPG,Weirdo,@weirdoBase
@MemeLordzRPG,Warpie,@WarpieTheWombat
@MemeLordzRPG,Ski Mask Dog,@Ski_CTO
@MemeLordzRPG,Peplo Escobar,@basedpeplo
@MemeLordzRPG,Based Chad,@BasedChad6969
@MemeLordzRPG,Keren,@kerenbase
@MemeLordzRPG,Base Lord,@BaseChainLord
@MemeLordzRPG,Purely Based,@PurelyBaseChain
@MemeLordzRPG,fd_crypto,@fdcrypto4
@MemeLordzRPG,Sarto,@Sartoshi0x
@MemeLordzRPG,satchaser.eth,@satzchaser
@MemeLordzRPG,lynk,@lynk0x
@MemeLordzRPG,Non-Fungible Art Inc,@NFA_Inc
@MemeLordzRPG,Nifty Vicious,@SidneyRichlin
@MemeLordzRPG,WifForkinKnife,@WifForkinKnife
@MemeLordzRPG,Mr Burnz,@mrburnzonbase
@MemeLordzRPG,CoinMerge.io,@coinmerge
@MemeLordzRPG,Lew Langer,@Lew_Langer
@MemeLordzRPG,Landwolf - $WOLF on Base,@LandWolf_Base
@MemeLordzRPG,Base God,@tybasegod
@MemeLordzRPG,MoneyBee,@BasedMoneyBee
@MemeLordzRPG,Bobby,@bobbyonbase_
@MemeLordzRPG,𝗢𝗠𝗚𝗶𝗻𝗮.𝗲𝘁𝗵 ♡,@OMGinaeth
@RyanAFournier,Juanita Broaddrick,@atensnut
@RyanAFournier,Jenna Ellis,@realJennaEllis
@RyanAFournier,Sebastian Gorka DrG,@SebGorka
@RyanAFournier,Brandon Straka #WalkAway,@BrandonStraka
@RyanAFournier,Matt Couch,@RealMattCouch
@RyanAFournier,Kambree,@KamVTV
@RyanAFournier,Alex Bruesewitz,@alexbruesewitz
@RyanAFournier,John Solomon,@jsolomonReports
@RyanAFournier,Vernon Jones,@VernonForGA
@RyanAFournier,CJ Pearson,@thecjpearson
@RyanAFournier,David J Harris Jr,@DavidJHarrisJr
@RyanAFournier,Wayne DuPree,@WayneDupreeShow
@RyanAFournier,Melissa Tate,@TheRightMelissa
@RyanAFournier,Paul Sperry,@paulsperry_
@RyanAFournier,Wendy Rogers,@WendyRogersAZ
@RyanAFournier,"David A. Clarke, Jr.",@SheriffClarke
@RyanAFournier,Chuck Woolery,@chuckwoolery
@RyanAFournier,Lance Gooden,@Lancegooden
@RyanAFournier,Sean Davis,@seanmdav
@RyanAFournier,Brendon Leslie,@BrendonLeslie
@RyanAFournier,Joshua T. Hosler,@JoshuaHosler
@RyanAFournier,Chris,@chris_eths
@RyanAFournier,Mother Trumper,@lynnhowlett
@RyanAFournier,𝐒𝐜𝐨𝐭𝐭 𝐙𝐢𝐦𝐦𝐞𝐫𝐦𝐚𝐧,@ScottZPatriot
@RyanAFournier,Q,@ResonanceEnter1
@RyanAFournier,Lisa Mei,@TheNotoriousLMC
@RyanAFournier,D.Sauce (TIE),@DakotaSidwell
@RyanAFournier,Jason Fricks,@realjasonfricks
@RyanAFournier,Kaleb Holmes,@realkalebholmes
@RyanAFournier,Theo Von,@TheoVon
@RyanAFournier,Sunny,@tooosunny
@RyanAFournier,National Youth Leaders of America,@LeadersOfUSA
@RyanAFournier,Patrick Prudhomme,@RealPJPrudhomme
@RyanAFournier,Lara #WomenForTrump,@Lara_maga47
@RyanAFournier,Thomas Farrell,@ThomasJFarrell7
@RyanAFournier,Lynn,@OkayKae7
@GamebredFighter,Ariel Helwani,@arielhelwani
@GamebredFighter,ESPN MMA,@espnmma
@GamebredFighter,Nathan Diaz,@NateDiaz209
@GamebredFighter,The Diamond,@DustinPoirier
@GamebredFighter,MMA Fighting,@MMAFighting
@GamebredFighter,michael,@bisping
@GamebredFighter,danawhite,@danawhite
@GamebredFighter,MMA Junkie,@MMAJunkie
@GamebredFighter,Belal Muhammad,@bullyb170
@GamebredFighter,UFC on TNT Sports,@ufcontnt
@GamebredFighter,BONY,@JonnyBones
@GamebredFighter,Jiri BJP Prochazka,@jiri_bjp
@GamebredFighter,Max Holloway,@BlessedMMA
@Hannahughes_,Everything Georgia,@GAFollowers
@Hannahughes_,Aj,@Ajwritescrypto
@Hannahughes_,Deezy.eth,@deezy_BTC
@Hannahughes_,Wendy O,@CryptoWendyO
@Hannahughes_,Frankie Candles,@Frankie_Candles
@Hannahughes_,Justin Williams,@7updoteth
@Hannahughes_,KellyKellam,@Kellykellam
@Hannahughes_,Taco,@Crypto_Taco01
@Hannahughes_,CryptoFace,@RealCryptoFace1
@Hannahughes_,Blockchain Basement,@BchainBasement
@Hannahughes_,JPG Empire,@JpgEmpire
@Hannahughes_,MASON VERSLUIS,@MasonVersluis
@Hannahughes_,Biden Runtz,@xmortalman
@RobDoebelin,Lew Langer,@Lew_Langer
@RobDoebelin,Benjamin Lambert,@benlambert08
@RobDoebelin,Snoop Dogg,@SnoopDogg
@RobDoebelin,Morgzy,@morgzy3
@RobDoebelin,Gramskiis Assistant,@YNGpeezy2
@RobDoebelin,Yanyan L,@yanyanista
@RobDoebelin,El Presidente,@Elpresidente818
@RobDoebelin,rapa.eth,@raphaelspak
@RobDoebelin,BaseHEX,@cryptoballs5555
@RobDoebelin,Daddy,@DaddyOnBase
@RobDoebelin,Landwolf - $WOLF on Base,@LandWolf_Base
@RobDoebelin,Kaylazgotnofilter,@Kaylazgotnofil1
@RobDoebelin,Jose | Blue Social,@_Jose_Montero_
@Tokyo,東京美術館巡り【公式】,@tokyoartmuseum
@Tokyo,RayRay,@rayray_1_
@Tokyo,diego,@dferrersan
@Tokyo,Frankie Colamarino,@franke
@Tokyo,PROBLEM,@problem
@Tokyo,Mai @intmax,@missbitcoin_mai
@Tokyo,EDCON,@EDCON2024
@Tokyo,Joshua Mellin,@JoshuaMellin
@Tokyo,Tokyo Cheapo,@TokyoCheapo
@Tokyo,Nippon.com,@nippon_en
@Tokyo,ANAインターコンチネンタルホテル東京,@ANAICTokyo
@Tokyo,Grand Hyatt Tokyo,@GrandHyattTokyo
@Tokyo,The Japan Times,@japantimes
@coderdannn,Aavegotchi,@aavegotchi
@coderdannn,Marc “Billy” Zeller,@lemiscate
@coderdannn,Nofuturistic.eth,@Nofuturephoto
@coderdannn,Stani,@StaniKulechov
@coderdannn,GotchiBulls,@GotchiBulls
@coderdannn,Ifty,@AavegotchiS
@coderdannn,goldenXross,@gldnXross
@coderdannn,gravy,@GravyGG
@coderdannn,XIBOT | AAVEGOTCHi,@xavieriturralde
@coderdannn,FAKE Gotchis Official,@FAKEgotchis
@coderdannn,Thrax | Aavegotchi,@thrax_nft
@coderdannn,Dr Wagmi,@Stedari
@coderdannn,Sandeep | AggLayer,@sandeepnailwal
@sunpumpmeme,H.E. Justin Sun 孙宇晨(hiring),@justinsuntron
@sunpumpmeme,TRON DAO,@trondao
@sunpumpmeme,TRON Community,@TronixTrx
@sunpumpmeme,USDD,@usddio
@sunpumpmeme,BitTorrent,@BitTorrent
@sunpumpmeme,APENFT,@apenftorg
@sunpumpmeme,Poloniex Exchange,@Poloniex
@sunpumpmeme,JUST Foundation,@DeFi_JUST
@sunpumpmeme,TRONSCAN,@TRONSCAN_ORG
@sunpumpmeme,Josephine,@Josephine820c
@sunpumpmeme,DexCheck AI,@DexCheck_io
@sunpumpmeme,Kaito AI,@_kaitoai
@sunpumpmeme,TokenPocket,@TokenPocket_TP
@justinsuntron,BITWU.ETH,@BTW0205
@justinsuntron,Yi He,@heyibinance
@justinsuntron,花花研究院 | Crypto Alpha,@huahuayjy
@justinsuntron,TRON DAO,@trondao
@justinsuntron,大宇,@BTCdayu
@justinsuntron,ChandlerGuo,@ChandlerGuo
@justinsuntron,CryptoMaid加密女仆お嬢様 $bfc $luag,@maid_crypto
@justinsuntron,sisi,@sisibinance
@justinsuntron,DiscusFish,@bitfish1
@justinsuntron,币圈牛熊记忆,@onebcher
@justinsuntron,BitTorrent,@BitTorrent
@justinsuntron,梭教授说,@hellosuoha
@justinsuntron,吴说区块链,@wublockchain12
@CryptoApprenti1,Rampage,@rampagepoker
@CryptoApprenti1,LEGION | Joey Ingram,@Joeingram1
@CryptoApprenti1,Mister_Keating,@Mister_Keating
@CryptoApprenti1,Eric Persson,@IAmMaverick888
@CryptoApprenti1,Garrett Adelstein,@GmanPoker
@CryptoApprenti1,Hustler Casino Live,@HCLPokerShow
@CryptoApprenti1,Phil Galfond,@PhilGalfond
@CryptoApprenti1,KMart,@KevinRobMartin
@CryptoApprenti1,Andy Stacks,@andystackspoker
@CryptoApprenti1,Bart Hanson,@BartHanson
@CryptoApprenti1,Matt Berkey,@berkey11
@CryptoApprenti1,Doug Polk,@DougPolkVids
@CryptoApprenti1,Melissa Schubert,@poodawgmelissa
@Recordian_Music,The Future Lounge,@Future_Lounge_1
@Recordian_Music,Dōgen,@realdogen
@Recordian_Music,Edi Mean,@TheRealEDIDON
@Recordian_Music,CoinMerge.io,@coinmerge
@Recordian_Music,OverDose,@Overdose_AI
@Recordian_Music,Doxxed Gem Club d/acc,@DoxxedChannel
@Recordian_Music,BXIN Official,@bxinGlobal
@Recordian_Music,comet,@cometcalls
@Recordian_Music,LitBit Finance,@LitbitFinance
@Recordian_Music,Ian Heinisch,@ianheinischmma
@Recordian_Music,MOON KING B-ROOTS,@iambroots
@Recordian_Music,DJ Vlad,@djvlad
@Recordian_Music,Bolide,@bolide_app
@chintanturakhia,Brian Armstrong,@brian_armstrong
@chintanturakhia,vitalik.eth,@VitalikButerin
@chintanturakhia,Coinbase,@coinbase
@chintanturakhia,Coinbase Wallet,@CoinbaseWallet
@chintanturakhia,jesse.base.eth,@jessepollak
@chintanturakhia,Pete Kim,@petejkim
@chintanturakhia,surojit,@surojit
@chintanturakhia,Harry Tormey | |,@htormey
@chintanturakhia,Sid Coelho-Prabhu | sidcoin.eth,@sid_coelho
@chintanturakhia,Viktor Bunin,@ViktorBunin
@chintanturakhia,Sam Altman,@sama
@chintanturakhia,Balaji,@balajis
@chintanturakhia,Dan Romero,@dwr
@Pantheonspod,Brian Armstrong,@brian_armstrong
@Pantheonspod,Paul Buser,@PaulBuser
@Pantheonspod,Rick Buhrman,@buhrman_rick
@Pantheonspod,Ben Wilson,@BenWilsonTweets
@Pantheonspod,How to Take Over the World,@HTTOTW
@Pantheonspod,Art of Investing,@artofinvest
@Pantheonspod,Positive Sum,@psumvc
@Pantheonspod,Patrick OShaughnessy,@patrick_oshag
@Pantheonspod,Naval,@naval
@Pantheonspod,Leila Hormozi,@LeilaHormozi
@Pantheonspod,Alex Hormozi,@AlexHormozi
@Pantheonspod,David Rosenthal,@djrosent
@Pantheonspod,Ben Gilbert,@gilbert
@Pantheonspod,Acquired Podcast,@AcquiredFM
@Pantheonspod,Colossus,@joincolossus
@Pantheonspod,Invest Like the Best,@InvestLikeBest
@Pantheonspod,David Senra,@DavidSenra1
@Pantheonspod,Dallas Mavericks,@dallasmavs
@Pantheonspod,Elon Musk,@elonmusk
@aavegotchi,Marc “Billy” Zeller,@lemiscate
@aavegotchi,coderdan.eth @Tokyo,@coderdannn
@aavegotchi,Nofuturistic.eth,@Nofuturephoto
@aavegotchi,goldenXross,@gldnXross
@aavegotchi,GotchiBulls,@GotchiBulls
@aavegotchi,gravy,@GravyGG
@aavegotchi,XIBOT | AAVEGOTCHi,@xavieriturralde
@aavegotchi,FAKE Gotchis Official,@FAKEgotchis
@aavegotchi,Thrax | Aavegotchi,@thrax_nft
@aavegotchi,Aave Labs,@aave
@aavegotchi,Goobz ᵍᵍ,@GoobzGG
@aavegotchi,The Order of Portal Mages | TOPM,@PortalMages
@aavegotchi,Gotchi French Army,@TheGotchiFArmy
@aavegotchi,SOJU,@SOJU_1999
@aavegotchi,Nick Mudge,@mudgen
@aavegotchi,stellarhobbes.eth,@stellarhobbes
@aavegotchi,TBURD.ETH,@timtime
@aavegotchi,GMIfrens.lens,@GMIfrens
@aavegotchi,SmokeScreen.lens ᵍᵍ,@SmokeScreens77
@aavegotchi,Mycaleum.eth,@Mycaleum
@aavegotchi,Midnite Ghozt,@midniteghozt
@aavegotchi,Gotchi Battler,@GotchiBattler
@aavegotchi,1KIN Labs | Building the GR1D,@1KINlabs
@aavegotchi,GR1D Network,@GR1Dnetwork
@aavegotchi,Elisa,@eeelistar
@aavegotchi,Herro,@HerroCrypto
@aavegotchi,Mecha Gotchis,@MechaGotchis
@aavegotchi,Gotchi Greetoors,@gotchigreetoors
@aavegotchi,STRATEGOTCHI,@Strategotchi
@aavegotchi,"glabuz ""Greg"" | Polygon",@glabuz
@aavegotchi,0x_Jun,@js0514tristan1
@aavegotchi,Pak Tsai,@Pak_Tsai19
@aavegotchi,Pi3sangblaar.loopring.eth (polygone.rat),@Pi3sangblaar
@aavegotchi,Grim,@ReaperGallery
@aavegotchi,HanHuiJun,@hhj_ghst
@aavegotchi,mattgene.eth Ξ,@duke_mattgene
@aavegotchi,dakeAINNLayer2 Tabi,@PEdzF4kba3LX7bX
@aavegotchi,Deeper Clean LLC,@deepercleanllc
@aavegotchi,Zaunziᵍᵍ,@0xZaunzi
@aavegotchi,"stomper.lens (, )",@farmeroncrypto
@aavegotchi,A.C.E.,@8hcraft
@aavegotchi,creambunny,@creambunny
@aavegotchi,Blackodack,@blackodakz
@aavegotchi,BenJamin Steele,@Benn_Bullish
@aavegotchi,arunphilips,@arunphilips
@aavegotchi,akbas.eth,@0xAkbas
@aavegotchi,Transistor,@Tr4nsistor
@aavegotchi,GFA - z_tef,@universtef_
@aavegotchi,litepiglet //,@litepiglet
@aavegotchi,Crypto Polls,@DigitalCoinsCo1
@aavegotchi,Schnitzeldeath,@SchnitzeldeathX
@aavegotchi,cryptopia.eth,@Gallizle1
@aavegotchi,internetfase,@internetfase
@aavegotchi,chair OP4,@vrycmfy
@aavegotchi,Mitchomat,@Michael85002632
@aavegotchi,Joker.pcc.eth,@Siiiiinger
@aavegotchi,Rigo J Mortis,@RigoJMortis
@aavegotchi,engotti.eth,@engotti_
@aavegotchi,VTD,@vtdung1310
@aavegotchi,NFTimmy,@NFTimmy
@aavegotchi,"MisterSeb.lens |Gamescom 2024 () (, )",@Mister___Seb
@based_minecraft,629.eth,@BrianLaFevre3
@based_minecraft,0xcnr,@0xcnr0
@based_minecraft,Manish,@AsianCryptoLord
@based_minecraft,Air,@majinair
@based_minecraft,LayerZero Labs,@LayerZero_Labs
@based_minecraft,jamesfinnerty.base.eth,@jjamesfinnertyy
@based_minecraft,Baffy eth,@Baffyeth
@based_minecraft,MIKEHUNTsolana,@MIKEHUNTsolana
@based_minecraft,Doctor PEPE,@SolDoctorPepe
@based_minecraft,Weeping Plebs,@WeepingPlebs
@based_minecraft,Moonsters,@MoonstersWeb3x
@based_minecraft,RoosterBrooster,@RoosterBr00ster
@based_minecraft,Sol Saver,@TheSolSaverX
@based_minecraft,pizza.base.eth,@DeFiDough
@based_minecraft,Broke bruh,@Whyamipoor
@based_minecraft,Percy on Base,@BasedPercy
@based_minecraft,Nessie,@nessieonbase
@based_minecraft,𝐊ing Ahmed |₿|,@_KingAhmed01
@based_minecraft,Friendo on Base,@Friendo_Base
@based_minecraft,Tommy,@Nvr4getThisPfP
@based_minecraft,Grug,@grugnorug
@based_minecraft,Based Freaks,@BasedFreaksNFT
@based_minecraft,Mrs Miggles,@MrsMiggles_Base
@based_minecraft,Engr Gudbee,@Engr_gudbee
@based_minecraft,RYFT,@EntertheRYFT
@based_minecraft,Alec James,@0xAlecJames
@based_minecraft,moon.it.com,@moondotit
@based_minecraft,Golden State Warriors,@warriors
@based_minecraft,LasVegasBarbie,@LasVegasBarbie
@based_minecraft,Luckytrades,@Luckytradess
@based_minecraft,Burgoyne.eth,@Parabolic6201
@based_minecraft,Crypto insidor,@Will_mainman
@based_minecraft,Bird.ETH,@BIRDNFT
@based_minecraft,kidsBubBubby,@BubKids
@based_minecraft,Bobby Bruin | Merlin | B137,@UCLAconfessions
@based_minecraft,田中（仮名）公式アカウント NFTARMY,@tanakakakokamei
@based_minecraft,Sachin Bral,@BralSachin8281
@based_minecraft,mostafa barzagar NFTARMY $ODY,@mareachi2951
@based_minecraft,Towfiqur Rahman,@BitcoinAbbu
@based_minecraft,HighOnLife,@SuitMySoul
@based_minecraft,RIndodax $MON $BEYOND $Block $RCADE,@RIndodax
@based_minecraft,Angus Taylor,@AngusTaylo51711
@based_minecraft,MAD | NFT Marketplace,@MADNFTS_IO
@based_minecraft,Dubie Jr,@jrdubieakapier
@based_minecraft,ricebean,@rice_bean_
@based_minecraft,arnold gamboa $FRNZ,@arnoldgamb18646
@based_minecraft,Ezbek.eth,@ezbek_official
@based_minecraft,seven-teen,@JudeOlowu1
@based_minecraft,Meliodus.eth,@Meliodus_eth
@based_minecraft,Kitorzo,@Kitorzo
@DoomerOnBaseCTO,aneri.base.eth,@0xAneri
@DoomerOnBaseCTO,Onchain Summit San Francisco,@onchainsf
@DoomerOnBaseCTO,Coinbase Wallet,@CoinbaseWallet
@DoomerOnBaseCTO,PAAL AI,@PaalMind
@DoomerOnBaseCTO,Base,@base
@DoomerOnBaseCTO,Coinbase,@coinbase
@DoomerOnBaseCTO,jesse.base.eth,@jessepollak
@DoomerOnBaseCTO,Brian Armstrong,@brian_armstrong
@DoomerOnBaseCTO,Elon Musk,@elonmusk
@majinair,Luke Roar,@Roarwtf
@majinair,paul y.,@asian1x
@majinair,Caden,@CadenWeb3
@majinair,Agent Bunny,@BailoutBunny
@majinair,kujalu,@Kujalu
@majinair,Kytro,@xkytro
@majinair,sound,@soundvz
@majinair,limit hp,@Habibitor
@majinair,Limit Social | PC Tweaker,@TweaksSocial
@majinair,assault blazify (80 ping guy),@BlazifyWRLD
@majinair,limit zenn,@wyazenn
@majinair,FactZ,@Factzbtw
@majinair,Vico,@VicoWYD
@majinair,Ignas Survila,@isurvila
@majinair,basedmc.base.eth,@based_minecraft
@majinair,ProperTease,@ProperFed
@majinair,Kas Vegas,@kas__vegas
@majinair,Waldo Forrealz,@waldoforrealz
@majinair,BaseJump,@basejumpdotpro
@majinair,Peezy's Manager,@Mando_Ethan
@majinair,Blue Social,@BlueSocialApp
@majinair,Lew Langer,@Lew_Langer
@majinair,Yanyan L,@yanyanista
@majinair,Secret Base,@BaseSecretBase
@majinair,Memstagram,@Memstagram_com
@majinair,MAGA TRUMP,@MAGATRUMPONBASE
@majinair,DOOMER,@DoomerOnBaseCTO
@majinair,Praveen Sentha,@pravish2002
@majinair,Zach Humphries,@Z_Humphries
@majinair,Grif,@Grif_gg
@majinair,Women on Base,@womenonbase
@majinair,Cindy Manit,@cindymanit
@majinair,Akook,@Akuk536357
@majinair,RachelOnchain.eth,@RachelOnchain
@majinair,OddCobra10 $DOOMER,@OddCobra10
@majinair,RaMpAGe,@Rampage_Calls
@majinair,MartyMcfly91,@MMcfly91
@majinair,THEA.,@thea_villasol
@majinair,Rotsi,@jacketson
@majinair,MUMU THE BULL,@mumu_bull
@majinair,Zander,@web3zander
@majinair,Juls,@Juls0x
@majinair,Lucas,@lucasw99
@majinair,The Lawlers,@TheLawlers
@majinair,Rob Doebelin,@RobDoebelin
@majinair,L Rock Hubbard,@LROCKNYC
@majinair,Bolide,@bolide_app
@majinair,Peplo Escobar,@basedpeplo
@majinair,MEL,@melimeen
@majinair,Kaylazgotnofilter,@Kaylazgotnofil1
@majinair,Crypto Jee,@CryptoJee_
@majinair,LasVegasBarbie,@LasVegasBarbie
@majinair,Grill God,@preheat_grill
@majinair,Peaky,@peakyaltcoins
@majinair,Henok,@henokcrypto
@majinair,𝗢𝗠𝗚𝗶𝗻𝗮.𝗲𝘁𝗵 ♡,@OMGinaeth
@majinair,Being Based,@BeingBasedIO
@majinair,RECORDIAN,@Recordian_Music
@majinair,Bullish,@TheBullishTradR
@majinair,PHNX Rising $BOOMER,@PHNXRising777
@majinair,$XMAGA,@XMAGA_ETH
@majinair,Bella Dorma,@BellaArtszz
@majinair,Burning Man ETH,@burningman_eth
@BasedFatherPepe,UKCrypto Queen,@ukcryptoqueen
@BasedFatherPepe,I follow based women,@BasedWomen
@BasedFatherPepe,Blake Adams,@BlakeyAd
@BasedFatherPepe,Bolide,@bolide_app
@BasedFatherPepe,MAGA TRUMP,@MAGATRUMPONBASE
@BasedFatherPepe,Erequendi,@Erequendi_NFT
@BasedFatherPepe,Tyler,@sendtyler
@BasedFatherPepe,Memstagram,@Memstagram_com
@BasedFatherPepe,Pantheons Podcast,@Pantheonspod
@BasedFatherPepe,Purely Based,@PurelyBaseChain
@BasedFatherPepe,Diana Sanchez,@DianaSanchez_04
@BasedFatherPepe,CryptoKingLuis,@TheRealLuisSan
@BasedFatherPepe,Catholic/Crypto Network,@CatholicCrypto_
@BasedFatherPepe,Flooz,@flooz_xyz
@BasedFatherPepe,Argon,@ArgonBerries
@BasedFatherPepe,PR RUSS (The WhaleWolf),@PhilRussell_
@BasedFatherPepe,Kraeee3,@sauce3k
@BasedFatherPepe,MadApes,@madapescall
@BasedFatherPepe,Papa Pepe,@freedomoffruits
@BasedFatherPepe,Billy,@wajid49934
@BasedFatherPepe,AtomeDeCuivre,@Nicolas62805509
@BasedFatherPepe,DexStar,@Habibi78787
@BasedFatherPepe,Raw,@xRAW_FISHx
@BasedFatherPepe,Lew Langer,@Lew_Langer
@BasedFatherPepe,All Your Base Are Belong To Us,@AllYourBase_AYB
@BasedFatherPepe,Harry Ehrlich,@HarryFriendo
@BasedFatherPepe,Mr Burnz,@mrburnzonbase
@BasedFatherPepe,Friendo on Base,@Friendo_Base
@BasedFatherPepe,Weirdo,@weirdoBase
@BasedFatherPepe,Nicolas Riera,@nico_riera
@BasedFatherPepe,Quigley.eth,@QuigleyNFT
@BasedFatherPepe,Daddy,@DaddyOnBase
@BasedFatherPepe,Grillhou5e,@grillhou5e
@BasedFatherPepe,Chintan Turakhia,@chintanturakhia
@BasedFatherPepe,ROOR.io,@roor_io
@BasedFatherPepe,kevin,@kevinebest
@BasedFatherPepe,Bitcoin on Base,@BTC_On_Base
@BasedFatherPepe,$BOOMER,@BoomerOnBase
@BasedFatherPepe,Walter The Doggo,@BaseWalterDoggo
@BasedFatherPepe,Rob Doebelin,@RobDoebelin
@BasedFatherPepe,Onchain Summit San Francisco,@onchainsf
@BasedFatherPepe,BasedMemes,@BasedMemeCoins
@BasedFatherPepe,Stoney,@Stoney204
@BasedFatherPepe,Rhino,@Rhinoblaster1
@BasedFatherPepe,Coinstages,@Coinstages
@BasedFatherPepe,Russell Brand,@rustyrockets
@BasedFatherPepe,Mario Nawfal’s Roundtable,@RoundtableSpace
@BasedFatherPepe,Bubblemaps,@bubblemaps
@BasedFatherPepe,Coffeezilla,@coffeebreak_YT
@BenTodar,MN BRIDGE,@MN_BRIDGE
@BenTodar,Dating & Money,@Datingandmoney
@BenTodar,Poloniex Exchange,@Poloniex
@BenTodar,YIYI_HTX (CE),@Ceee333_
@BenTodar,CryptoBaby,@CryptoAIGirl
@BenTodar,Onlineboss,@Onlineboss_
@BenTodar,skef,@skef30
@BenTodar,没睡醒醒Crypto,@meishuixing03
@BenTodar,مريم حسين ♛,@Queen_Maryoum
@BenTodar,TØMMY,@Olofintila_1
@BenTodar,Yenni,@Yennii56
@BenTodar,AJM,@AJ__912
@BenTodar,𝑪𝑶𝑰𝑵𝑶𝑳𝑶𝑮,@Coinolog35
@BenTodar,Ken O'Keefe,@KenOKeefe1TJP
@BenTodar,HUSTLER BOE,@cryptorboe
@BenTodar,Mega Ape,@MegaApe_
@BenTodar,Dylan.Eth,@dylansdegens
@BenTodar,Solar Cats (TRX),@solar_cats
@BenTodar,JAKE,@JakeGagain
@BenTodar,Friend,@witAPEs
@BenTodar,LEMONCHILD .BNB,@Shillprofessor_
@BenTodar,A R N E L,@BHC_Arnel
@BenTodar,Steve_Sol,@Steve_sol_ofc
@BenTodar,MiniWhale-M1,@MiniwhaleM1
@BenTodar,degenbarbie,@degenbarbie
@BenTodar,SunPump,@sunpumpmeme
@BenTodar,Iced,@IcedKnife
@BenTodar,LandWolf,@TheBoysClubWolf
@emilyraustin,NetsKingdom,@NetsKingdomAJ
@emilyraustin,Eddie Gonzalez,@bansky
@emilyraustin,Matt Brooks,@MattBrooksNBA
@emilyraustin,Brandon,@BLCity5
@emilyraustin,𝘾𝙤𝙖𝙘𝙝 𝙎𝙝𝙪𝙗𝙝 ⁶𓅓,@OVOLakeShow
@emilyraustin,Kristian Winfield,@Krisplashed
@emilyraustin,J from BK,@JfromBk
@emilyraustin,Chris Milholen,@ChrisMilholen
@emilyraustin,Billy Reinhardt,@BillyReinhardt
@emilyraustin,Jac Manuell (CT & Clowney Obsessed),@JacManuell
@emilyraustin,Brian Lewis,@NYPost_Lewis
@emilyraustin,Brandon “Scoop B” Robinson,@ScoopB
@emilyraustin,Anthony Puccio,@APOOCH
@emilyraustin,Erik Slater,@erikslater_
@emilyraustin,Alec Sturm,@Alec_Sturm
@emilyraustin,Kashpiracies & Flopaganda,@KassiusRansom
@emilyraustin,Maliika Walker,@maliikawalker
@emilyraustin,Chris,@HoopSpaces
@emilyraustin,Doug Norrie,@DougNorrie
@emilyraustin,Coach Rome,@Rome_Beast
@emilyraustin,יונה לייבזון yuna leibzon,@YunaLeibzon
@emilyraustin,John Cardillo,@johncardillo
@emilyraustin,Marina Medvin,@MarinaMedvin
@emilyraustin,Danny Gold,@DGisSERIOUS
@emilyraustin,Adam Goldman,@admgoldman
@emilyraustin,Fatima J ن,@LadyLevant822
@emilyraustin,Hassey,@hasseynz
@emilyraustin,Nima Yamini,@NimaYamini
@emilyraustin,kache,@yacineMTB
@emilyraustin,Dr. Maalouf,@realMaalouf
@emilyraustin,Jason Stine,@JasonMStine
@emilyraustin,اسلام الدبوبي-Sam Dabaibeh,@Dabaibeh2
@emilyraustin,Bad antizionist takes,@antiantizionist
@emilyraustin,Drew Pavlou,@DrewPavlou
@emilyraustin,Chito | Content Creator,@ChitoGamingLive
@emilyraustin,Elizabeth Pipko,@elizabethpipko
@emilyraustin,Adam Boehler,@aboehler
@emilyraustin,Laibel Weiner,@LaibelWeiner
@emilyraustin,Trump War Room,@TrumpWarRoom
@emilyraustin,I Meme Therefore I Am,@ImMeme0
@emilyraustin,Vivid.,@VividProwess
@emilyraustin,Talia Khan,@TaliaKhan_MIT
@emilyraustin,Jennifer Lynn Lawrence,@JenLawrence21
@emilyraustin,Jon Banner,@jon_banner1
@emilyraustin,Amir Tsarfati,@beholdisrael
@emilyraustin,Donald J. Trump - Parody,@realDonParody
@emilyraustin,Kassy Akiva,@KassyAkiva
@emilyraustin,Marissa Streit,@streitmarissa
@emilyraustin,You and I,@cuteofcouples
@emilyraustin,Lauren Kagan,@LaurenKagan
@emilyraustin,Codie Sanchez,@Codie_Sanchez
@emilyraustin,Chris Kelly | ckelly.eth,@thatchriskelly
@emilyraustin,Ofer Yannay,@YannayOfer
@emilyraustin,The PorterWay Podcast,@ThePorterWayPod
@emilyraustin,ShowtimeShawn Porter,@ShowtimeShawnP
@emilyraustin,Jayson Littman,@JaysonLittman
@emilyraustin,"Dr. Peter A Singer, OC",@PeterASinger
@emilyraustin,Mickaël Szerman,@m_szerman
@emilyraustin,Mark Dubowitz,@mdubowitz
@emilyraustin,Jim Dolbow,@JimDolbow
@emilyraustin,Mike Chiari,@MikeChiari
@emilyraustin,TURKI ALALSHIKH,@Turki_alalshikh
@emilyraustin,Boaz Hepner,@boazhepner
@emilyraustin,Jacob Helberg,@jacobhelberg
@emilyraustin,Boxing Social,@boxing_social
@emilyraustin,Steve Boxman,@SteveBoxman
@emilyraustin,jaideep unnithan,@kuroobi2010
@emilyraustin,Luai Ahmed,@JustLuai
@emilyraustin,Boxing Kingdom,@BoxingKingdom14
@emilyraustin,Ade Oladipo,@ade_oladipo1
@cousincrypt0,Mayne,@Tradermayne
@cousincrypt0,RookieXBT,@RookieXBT
@cousincrypt0,WIZZ ( beware scammers ),@CryptoWizardd
@cousincrypt0,Cold Blooded Shiller,@ColdBloodShill
@cousincrypt0,moon,@MoonOverlord
@cousincrypt0,The Crypto Dog,@TheCryptoDog
@cousincrypt0,Muro,@MuroCrypto
@cousincrypt0,icebergy,@icebergy_
@cousincrypt0,SalsaTekila,@SalsaTekila
@cousincrypt0,loomdart - Holy War Arc,@loomdart
@cousincrypt0,Bagsy,@Bagsy
@cousincrypt0,tradinglord,@tradinglord
@cousincrypt0,//Bitcoin 𝕵ack,@BTC_JackSparrow
@cousincrypt0,Bluntz,@Bluntz_Capital
@cousincrypt0,KJ Crypto,@koreanjewcrypto
@cousincrypt0,Don't follow Shardi B if you hate Money,@ShardiB2
@cousincrypt0,Devchart,@devchart
@cousincrypt0,krillin ॐ,@LSDinmycoffee
@cousincrypt0,Cæsar,@PARABOLIT
@cousincrypt0,Rager,@Rager
@cousincrypt0,lunaei,@lunaei11
@cousincrypt0,6ix9ine,@6ix9ine
@cousincrypt0,Pepper,@CryptopepperP
@cousincrypt0,van00sa,@van00sa
@cousincrypt0,Radar,@RadarHits
@cousincrypt0,Visegrád 24,@visegrad24
@cousincrypt0,0xDMG,@0x_dmg
@cousincrypt0,TravelSwap,@TravelSwap_xyz
@cousincrypt0,Erik,@ErikAstramecki
@cousincrypt0,Jacked Italian,@ItalianJacked
@cousincrypt0,Shuffle.com,@shufflecom
@cousincrypt0,ShitpostGateway,@ShitpostGate
@cousincrypt0,Hayes Grier,@HayesGrier
@cousincrypt0,Momin Saqib,@mominsaqib
@cousincrypt0,Tree News,@News_Of_Alpha
@cousincrypt0,Simon's Cat Token,@SimonsCatMeme
@cousincrypt0,Ted,@TedPillows
@cousincrypt0,DDG,@PontiacMadeDDG
@cousincrypt0,GetMickRich,@NFTmickrich
@cousincrypt0,MEW,@MewsWorld
@cousincrypt0,Motoswap,@MotoswapBTC
@cousincrypt0,Coinbase Traders,@coinbasetraders
@cousincrypt0,Fred again..,@fredagainagain1
@cousincrypt0,sugs,@__sugs
@cousincrypt0,Crypto AI mania,@RendermanAI
@cousincrypt0,",",@Zvbear
@cousincrypt0,TOGI,@ShaneStoffer
@cousincrypt0,J,@jmbynx
@cousincrypt0,wallstreetbets,@wallstreetbets
@cousincrypt0,Tarded Degen Gambler,@0xTDG
@cousincrypt0,LowIQ poor,@LowIQPoor
@cousincrypt0,wrld,@wrld_sol
@cousincrypt0,MUMU THE BULL,@mumu_bull
@cousincrypt0,Murad,@MustStopMurad
@cousincrypt0,Flood,@ThinkingUSD
@cousincrypt0,PeiPei,@Peipeierc20
@cousincrypt0,DeeZe,@DeeZe
@cousincrypt0,BabyPepe (PEPER),@PeperBabyPepe
@cousincrypt0,Habibi (حبيبي),@habibixyz_sol
@souljaboyplz,Born2Pump,@0xBorn2Pump
@souljaboyplz,YourPOP,@Yourpop8
@souljaboyplz,Gems of Ra,@GemsofRa
@souljaboyplz,Henok,@henokcrypto
@souljaboyplz,฿ $HaMaN,@BiTSHaMMy
@souljaboyplz,Naga,@nagadareal
@souljaboyplz,JAKE,@JakeGagain
@souljaboyplz,Donald J. Trump,@realDonaldTrump
@souljaboyplz,Neiro On Ethereum,@NeiroOnEthereum
@souljaboyplz,NDF,@NFTDefiFutures
@souljaboyplz,Hydraze,@Hydraze420
@souljaboyplz,Exy,@eth_exy
@souljaboyplz,Dean Bulla,@DeanBulla
@souljaboyplz,Luca Netz,@LucaNetz
@souljaboyplz,Dan Folger,@danfolger
@souljaboyplz,cheftommy,@cheftommac
@souljaboyplz,woods.ai,@robw00ds
@souljaboyplz,Ace,@AceAtATH
@souljaboyplz,Degen Danny,@DannyDegens
@souljaboyplz,Duncan,@DegenDuncan
@souljaboyplz,?,@zakhodges5
@souljaboyplz,RENZO,@renzofks
@souljaboyplz,Erik Stevens,@HopiumPapi
@souljaboyplz,Pancake,@PancakeXBT
@souljaboyplz,Bark,@barkmeta
@souljaboyplz,Katuchi,@Katuchi_xyz
@souljaboyplz,investor,@moneymancalls
@souljaboyplz,Satoshi Flipper,@SatoshiFlipper
@souljaboyplz,DANNYCRYPT,@DannyCrypt
@souljaboyplz,Mark,@CryptoMarkETH
@souljaboyplz,Cold,@Cold_xyz
@souljaboyplz,Books,@DaoKwonDo
@souljaboyplz,Astral,@astral_degen
@souljaboyplz,wallstreetbets,@wallstreetbets
@souljaboyplz,PK,@OnChainPK
@souljaboyplz,Nils,@nilsthedegen
@souljaboyplz,shah,@shahh
@souljaboyplz,Kuromi,@0xkuromi
@souljaboyplz,Shmoo,@ShmooNFT
@souljaboyplz,Zaddy,@Zaddy_Fi
@souljaboyplz,Jampzer,@Jampzer
@souljaboyplz,Bilal bin Saqib MBE,@Bilalbinsaqib
@souljaboyplz,ChefDigby,@ChefDigby_
@souljaboyplz,Collectxr,@Collectxrnft
@souljaboyplz,trancey,@tranc3y
@souljaboyplz,ANARCHO•CATBUS,@anarcho_catbus
@souljaboyplz,Veri Fi,@_veri_fi
@souljaboyplz,TARS AI,@tarsprotocol
@MrKillerByte,That Martini Guy,@MartiniGuyYT
@MrKillerByte,Sunrise Trader Bot,@SunriseTronBot
@MrKillerByte,PattyIce,@patty_fi
@MrKillerByte,Sun Wukong,@wukong_trx
@MrKillerByte,Baby Doge,@BabyDogeCoin
@MrKillerByte,6ix9ine,@6ix9ine
@MrKillerByte,The Shib,@TheShibmagazine
@MrKillerByte,Xanders Shib,@ShibaXanders
@MrKillerByte,ShibaSwapDEX,@ShibaSwapDEX
@MrKillerByte,Pulse Digital,@CryptoPulse9
@MrKillerByte,RagnarShib.eth,@RagnarShiba
@MrKillerByte,Shib,@Shibtoken
@MrKillerByte,Neiro On Ethereum,@NeiroOnEthereum
@MrKillerByte,Neiroshi,@TheNeiroshi
@MrKillerByte,Taiki Maeda,@TaikiMaeda2
@MrKillerByte,Paul Sztorc,@Truthcoin
@MrKillerByte,Justin Bram,@JustinCBram
@MrKillerByte,Jordi Alexander,@gametheorizing
@MrKillerByte,Bull Trapper,@bulltrapper0
@MrKillerByte,wishful cynic,@EvgenyGaevoy
@MrKillerByte,Gate Startup,@Gateio_Startup
@MrKillerByte,Jampzer,@Jampzer
@MrKillerByte,BitMart en Español,@BitMart_es
@MrKillerByte,Tate News,@TateNews_
@MrKillerByte,Senzu,@0xSenzu
@MrKillerByte,Sigma,@SigmaTradingBot
@MrKillerByte,Doll,@doge511
@MrKillerByte,Matt Wallace,@MattWallace888
@MrKillerByte,Steve Will Do It,@stevewilldoit
@MrKillerByte,MyDoge,@MyDogeOfficial
@MrKillerByte,LilHumansBigImpact,@BigImpactHumans
@MrKillerByte,Sir Doge of the Coin,@dogeofficialceo
@MrKillerByte,Doge Norway,@DogecoinNorway
@MrKillerByte,vitalik.eth,@VitalikButerin
@MrKillerByte,Dogememegirl,@Dogememegirl
@MrKillerByte,Ale𝕏,@MyDogeCTO
@MrKillerByte,Dogecoin Foundation,@DogecoinFdn
@MrKillerByte,.,@JustinScerini
@MrKillerByte,Mishaboar,@mishaboar
@MrKillerByte,Dogecoin Developers,@dogecoin_devs
@MrKillerByte,Doge Army Calls,@DogeArmyCalls
@MrKillerByte,Dogecoin Rise,@DogecoinRise
@MrKillerByte,DogeDesigner,@cb_doge
@MrKillerByte,Luke Belmar,@lukebelmar
@MrKillerByte,:),@smileycapital
@MrKillerByte,Crypto Coach,@WisdomMatic
@MrKillerByte,Joshua | MOZAIK,@JoshuaDeuk
@MrKillerByte,Own The Doge,@ownthedoge
@MrKillerByte,かぼすママ,@kabosumama
@MrKillerByte,MD,@mohdx24@Pablo_cro
@Pablo_cro,Volt Inu,@VoltInuOfficial
@Pablo_cro,Ian Heinisch,@ianheinischmma
@Pablo_cro,Volted Dragons Sailors Club,@VDSC_Official
@Pablo_cro,Bleeves Crypto,@BleevesCrypto
@Pablo_cro,HypeManAlex,@HypeManAlex
@Pablo_cro,December DeMarco,@DecemberDeMarco
@Pablo_cro,Elon Goat Token,@ElonGoatToken
@Pablo_cro,Power Wright,@TheGen35
@Pablo_cro,CryptoChick,@CryptoChick06
@Pablo_cro,Cinthia Tamayo,@cryptolatina111
@Pablo_cro,Webull,@WebullGlobal
@Pablo_cro,BIG CAT,@bigcatsreal
@Pablo_cro,Kareem(VOLTED),@reem51627980
@Pablo_cro,Jazz.,@ImJazzRoyce
@Pablo_cro,H.E. Justin Sun 孙宇晨(hiring),@justinsuntron
@Pablo_cro,Ormolus,@ormolusPro
@Pablo_cro,Limitless Ape,@LimitlessAp3
@Pablo_cro,LFGNOW,@LFGNOW1
@Pablo_cro,Sofia Zamolo,@sofizamolo
@Pablo_cro,Unchain,@Joshua75842215
@Pablo_cro,DogeDesigner,@cb_doge
@Pablo_cro,mav,@MissMav87
@Pablo_cro,Sir Doge of the Coin,@dogeofficialceo
@Pablo_cro,Buzz.Shib | Shibarium,@buzzdefi0x
@Pablo_cro,PhantomBP,@PhantomBP_giga
@Pablo_cro,Princess,@loveNpeace42
@Pablo_cro,New America Brand,@newamericabrand
@Pablo_cro,Dabatola,@thedabatola
@Pablo_cro,Josh,@fecktk
@Pablo_cro,TheS◎Lstice,@The__Solstice
@Pablo_cro,Xen Plalism,@PlaIism
@Pablo_cro,Hannah Walker,@HannahCrypto_
@Pablo_cro,The Crypto Empress Memes,@Crypto_Empress_
@Pablo_cro,Mika,@mikadontlouz
@Pablo_cro,Haliey Welch,@HalieyWelchX
@Pablo_cro,Crypto.com Arena,@cryptocomarena
@Pablo_cro,Crypto.com NFT,@cryptocomnft
@Pablo_cro,Gate Live,@GateioLive
@Pablo_cro,LFGO Community,@LFGOcommunity
@Pablo_cro,Crypto.com DeFi Wallet,@defi_wallet
@Pablo_cro,$POPDOG,@POPDOGsolcoin
@Pablo_cro,ZackFromSubway.Eth,@CryptoMan1015
@Pablo_cro,PaidXPO.io,@PaidXpo
@Pablo_cro,Diana Sanchez,@DianaSanchez_04
@Pablo_cro,MOON KING B-ROOTS,@iambroots
@Pablo_cro,Sarah Green,@Sarah_GreenOk
@Pablo_cro,Crypto Senpai,@Crypto_Senpaii
@Pablo_cro,Doria｜Gate Labs,@Doriaa8989
@Pablo_cro,SPIKE on ETH,@SpikeFurie
@Pablo_cro,Blockchain Fernsby,@cryptofernsby
@Pablo_cro,Davinci Jeremie,@Davincij15
@Pablo_cro,LEO Lee,@leoleeBe
@Pablo_cro,(α) iluuminate (68%),(α) iluuminate
@Pablo_cro,(68%),@luuminize
@Pablo_cro,Nick O’Neill,@chooserich
@Pablo_cro,Chris | K&W Experience,@cgarcia_kwe
@Pablo_cro,Zero Gravity Studio,@ZeroGravity_Std
@Pablo_cro,smallcapCRYPTO,@CryptoSmallcap
@Pablo_cro,Charles Hoskinson,@IOHK_Charles
@Pablo_cro,Zypto App,@ZyptoApp
@Pablo_cro,Inu Lover,Inu
@Pablo_cro,Lover,@Crypto_Slayer0
@Pablo_cro,Cyberscope Announcements,@cyberscope_ann
@Davincij15,MMCrypto,@MMCrypto
@Davincij15,The Moon,@TheMoonCarl
@Davincij15,Altcoin Daily,@AltcoinDailyio
@Davincij15,Crypto Rover,@rovercrc
@Davincij15,That Martini Guy,@MartiniGuyYT
@Davincij15,Lark Davis,@TheCryptoLark
@Davincij15,Dan Held,@danheld
@Davincij15,CryptoJack,@cryptojack
@Davincij15,sunnydecree,@sunnydecree
@Davincij15,Ivan on Tech Moralis,Ivan on Tech
@Davincij15,Moralis,@IvanOnTech
@Davincij15,Eunice D Wong,@Eunicedwong
@Davincij15,Kevin Svenson,@KevinSvenson_
@Davincij15,Thomas Kralow,@TKralow
@Davincij15,James CryptoGuru,@Jamyies
@Davincij15,VLaunch,@VLaunchCOM
@Davincij15,CryptoMo,@CryptoMo
@Davincij15,Crypto Bratan,@cryptobratan1
@Davincij15,Alexa Crypto,@alexacrypto_
@Davincij15,Steve Courtney ~ Crypto Crew University,@CryptoCrewU
@Davincij15,Randi Hipper,@missteencrypto
@Davincij15,ApeX Protocol,@OfficialApeXdex
@Davincij15,ONIGIRI,@OnigiriCat_ERC
@Davincij15,Mario Nawfal’s Roundtable,@RoundtableSpace
@Davincij15,Benjamin Cowen,@intocryptoverse
@Davincij15,ZUBY:,@ZubyMusic
@Davincij15,Pink Hood Froglicker,@FroglicCoin
@Davincij15,Monkey_Shit_Inu (MSI),@Monkey_Shit_inu
@Davincij15,PeiPei,@Peipeierc20
@Davincij15,Moon Dev,@MoonDevOnYT
@Davincij15,ORC,@OrcSolana
@Davincij15,Nyan,@NyanGems
@Davincij15,BarbieCrypto,@barbief70524888
@Davincij15,El Presidente,@Elpresidente818
@Davincij15,CryptoLucie加密露西,@CryptoLucie
@Davincij15,Crypto King.eth.sol,Crypto King
@Davincij15,.eth.sol,@cryptosanthoshK
@Davincij15,Brett,@BasedBrett
@Davincij15,UNITE AMERICA,@Unite__America
@Davincij15,Crypto Gems,@cryptogems_
@Davincij15,Lady M,@CryptoLady_M
@Davincij15,100x Altcoin Gems,@100xAltcoinGems
@Davincij15,Event Horizon,@EventHorizonDEX
@Davincij15,$DVINCI,@DvinciCTO
@Davincij15,Soul Labs,@0xSoulProtocol
@Davincij15,Waffles Davincij15's Cat,@Wafflesj15
@Davincij15,Roaring Kitty,@TheRoaringKitty
@Davincij15,Gokhshtein,@gokhshtein
@Davincij15,Crypto Tea,@CryptoTea_
@Davincij15,Maya,@mayanicks0x
@Davincij15,RENZO,@renzofks
@Davincij15,sk (locked in arc),@retiredroadman
@Davincij15,0xfun,@0xfunin
@Davincij15,Katherine,@Katherine_XBT
@Davincij15,cryptokian,@cryptokian_
@Davincij15,Shai Deshe Wybors𐤊i (大胡子),Shai
@Davincij15,Deshe,Wybors𐤊i
@Davincij15,(大胡子),@DesheShai
@Davincij15,Melanie,@_Bybit_Mel_
@Davincij15,Maria Andersen | Crypto YouTuber & NFT Collector,@MariaAndersenM
@Davincij15,internet hall of fame,@InternetH0F
@Davincij15,Toobit,@Toobit_official
@Davincij15,Colana,@Colana_on_Sol
@Davincij15,Ponke,@ponkesol
@Davincij15,Arts DAO,@arts_dao
@Davincij15,Crypto Gossip Girl,@annakimmysen
@Davincij15,CoinW,@CoinWOfficial
@Davincij15,BRN Metaverse,@BrnMetaverse
@cryptosecretspy,⬣ SMOspider.pls ⬣,@SMOspider
@cryptosecretspy,gerardo.pls,@gerawrdog
@cryptosecretspy,Dylan HEXistany,@bb_trippin
@cryptosecretspy,H.E. Justin Sun 孙宇晨(hiring),@justinsuntron
@cryptosecretspy,OrangeMan,@rektpleb5555
@cryptosecretspy,Teejeh,@notTeejeh
@cryptosecretspy,6ix9ine,@6ix9ine
@cryptosecretspy,NEWtwo on PulseChain,@pNEWtwo
@cryptosecretspy,Brightlight57,@redray57
@cryptosecretspy,Crypto Banter,@crypto_banter
@cryptosecretspy,Donald J. Trump,@realDonaldTrump
@cryptosecretspy,whale.pls,@0xpulsewhale
@cryptosecretspy,0xHums,@0xHumsWous
@cryptosecretspy,Toshi.bet,@toshi_bet
@cryptosecretspy,CryptoProfeta,@Cryptoprofeta1
@cryptosecretspy,adin,@adinross
@cryptosecretspy,"Mr. Frog, (Road to Redemption Arc)",@TheMisterFrog
@cryptosecretspy,Cryptopher,@Christoff832
@cryptosecretspy,Nate McGet-It,@AscendingMan369
@cryptosecretspy,whisper,@whisperchad
@cryptosecretspy,UltraBoolish,@UltraBoolish
@cryptosecretspy,ThatBodyMechanic,@DeeGeeTBM
@cryptosecretspy,Hex4life,@therealHex4life
@cryptosecretspy,ANΦN,@anon_rip
@cryptosecretspy,Yuki Napz,@imnapz10
@cryptosecretspy,Michael Angel,@MichaelAng20344
@cryptosecretspy,AurumAce,@maestro_degen
@cryptosecretspy,Bezdelnik,@bezdelnik2222
@cryptosecretspy,Rocket Man,@HodlRocketMan
@cryptosecretspy,rektober,@rektober
@cryptosecretspy,balls (demon arc),@ballsarehard1
@cryptosecretspy,AB (silly/acc),@torqqqsol
@cryptosecretspy,Monkey_Shit_Inu (MSI),@Monkey_Shit_inu
@cryptosecretspy,PabloCRO,@Pablo_cro
@cryptosecretspy,KSB.tv,@KSBTV1
@cryptosecretspy,Pendantking.eth,@pendantkingeth
@cryptosecretspy,EZZ.ETH,@eth_ezz
@cryptosecretspy,Doctor Roboto,@drrobotnik_aoc
@cryptosecretspy,Kakz,@_ck007
@cryptosecretspy,SHAWTY,@bronzeageshawty
@cryptosecretspy,Frank (degod mode),@frankdegods
@cryptosecretspy,Mika,@mikadontlouz
@cryptosecretspy,rasmr,@rasmr_eth
@cryptosecretspy,Travladd Crypto,@OfficialTravlad
@cryptosecretspy,Alchemist,@AlchemistOG69
@cryptosecretspy,Tom Gillespie,@TomPeterGill
@cryptosecretspy,Isabella Moody,@isabellamoody_
@cryptosecretspy,Nino,@logicalNino
@cryptosecretspy,Beaver,@midasmulligann
@gibmercs,H.E. Justin Sun 孙宇晨(hiring),@justinsuntron
@gibmercs,Bull.BnB,@bull_bnb
@gibmercs,Max,@rhmaximalist
@gibmercs,⬣Guru.PLS⬣ (Parody),@guru_pls
@gibmercs,you might also relate to,@hrtapp
@gibmercs,Pulse Wallet,@ThePulseWallet
@gibmercs,⬣ chetparker ⬣,@ParkerChet
@gibmercs,T-ᗷIᖇᗪ,@TheRealTBirdHex
@gibmercs,General Buck Naked GED®,@Buckamentals
@gibmercs,PulseChain Conferences,@PulseChainConf
@gibmercs,iceman,@icemanpls
@gibmercs,Mario Nawfal,@MarioNawfal
@gibmercs,Words,@itswords_
@gibmercs,Krypto_Luckbox HEX◇PLS◇PLSX,@Krypto_Luckbox
@gibmercs,Trevor,@trevorsarver
@gibmercs,KRDAGHOST,@KR4ATH
@gibmercs,Bark,@barkmeta
@gibmercs,Self Chain,@selfchainxyz
@gibmercs,HABIBI CRYPTO KING,@HabibiCryptoK
@gibmercs,DJ Khalid,@djkhalidcrypto
@gibmercs,MartyParty,@martypartymusic
@gibmercs,Watcher.Guru,@WatcherGuru
@gibmercs,HexicanHill.pls,@HexicanHill
@gibmercs,Scuba Steve,@SteveHitson
@gibmercs,Devin.pls,@Devin_pls
@gibmercs,HEXpensive_Taste,@HexpensiveT
@gibmercs,⬢ Lytsout ⬢,@Lytsout193
@gibmercs,CryptoProfeta,@Cryptoprofeta1
@gibmercs,Paul,@hex_live
@gibmercs,CryptoHeartBeat,@CryptoHartbeat
@gibmercs,Marco The HEXican,@MarcoTheHEXican
@gibmercs,SuperSecretSpy,@cryptosecretspy
@gibmercs,CH,@CrptoHexplained
@gibmercs,NubbinAintEZ.11:11,@cryptojay0110
@gibmercs,Zenin,@InvertedSpears
@gibmercs,STEFAN,@ogstefan_
@gibmercs,Pulse Milady,@PulseMilady
@gibmercs,BuLLz . WIN,@VallueOfTime
@gibmercs,Berachain,@berachain
@gibmercs,⊂(▀¯▀⊂ ),@HEX_Shinobi
@gibmercs,⬣ Suzanne,@suzannehexican
@gibmercs,Mana,@SpectralMana
@gibmercs,R2R-REKT2RICHES,@REKT2RICHEZLIFE
@gibmercs,Nuclear Herbs,@NuclearHerbs
@gibmercs,Bullfrag,@Fanmade59939572
@gibmercs,julia.pls,@Julia_Hexican
@gibmercs,GoonBoyCrypto,@GoonBoyCrypto
@gibmercs,Rekt Capital,@rektcapital
@dominicVEMP,JAKE,@JakeGagain
@dominicVEMP,MOON KING B-ROOTS,@iambroots
@dominicVEMP,Ian Heinisch,@ianheinischmma
@dominicVEMP,MrO.CULT,@MrOmodulus
@dominicVEMP,Cult.DAO,@wearecultdao
@dominicVEMP,VEMP Horizon,@VEMPHorizon
@dominicVEMP,Artorias,@Artorias_eth
@dominicVEMP,𝕳𝖔𝖑𝖑𝖞 𝕳𝖊𝖆𝖗𝖙,𝕳𝖔𝖑𝖑𝖞
@dominicVEMP,𝕳𝖊𝖆𝖗𝖙,@holly__heart
@dominicVEMP,Bubz,@cryptobubz
@dominicVEMP,🆃🅴🆃🆁.ton,🆃🅴🆃🆁
@dominicVEMP,.ton,@TETRADeFi
@dominicVEMP,Adam Shelton (Captain),@AdamEShelton
@dominicVEMP,Harry,@hvrry0x
@dominicVEMP,MrCultmander.cult,@Cultmander76
@dominicVEMP,StillCoSDAO,@SCRPTX_
@dominicVEMP,Rodney,@cryptojourneyrs
@dominicVEMP,Beefy,@B3efy22
@dominicVEMP,مْحَمْوُدْ• CULT DAO,@Cryptodous
@dominicVEMP,Marcults,@Marcults_
@dominicVEMP,KaRipDough,@KaRipDough
@dominicVEMP,𝕊𝕙𝕦𝕘𝕘𝕪𝟘𝕤𝕙𝕚,@shuggy0shi
@dominicVEMP,Nova Research,@novaresearch_io
@dominicVEMP,Cedar Labs,@Melo7sino
@dominicVEMP,SNACKCLUB,@SNACKCLUBgg
@dominicVEMP,Bob the reBuilt,@bobtherebuilt
@dominicVEMP,Nik,@ethreasurer
@dominicVEMP,"Grills (¤,¤)",@CryptoGrills
@dominicVEMP,Jiraiya,@JiraiyaReal
@dominicVEMP,AC ARCHITECTURE,@ACARCHITEC
@dominicVEMP,Basketballverse,@bballverse_gg
@dominicVEMP,David Col,@Drc504
@dominicVEMP,CeranosFinance,@CeranosFinance
@dominicVEMP,Donald J. Trump,@realDonaldTrump
@dominicVEMP,Clement On | Cloft.eth,@clementonn
@dominicVEMP,Diamond Paws,@Shibanator
@dominicVEMP,Jukov,@JukovCrypto
@dominicVEMP,BorgPad,@BorgPadHQ
@dominicVEMP,Line1 | Onchain Security Audits,@Line1_Security
@dominicVEMP,The Stray,@StrayThe1
@dominicVEMP,Robert Greene,@RobertGreene
@dominicVEMP,ALgiving,@allgiveawaysda1
@dominicVEMP,Pikachu,@Web3Pikachu
@dominicVEMP,Ronin,@roninn_web3
@dominicVEMP,Arjantit,@drarjantit
@dominicVEMP,𝖀𝖈𝖆𝖓,@Ucan_Coin
@dominicVEMP,Gohan,@0x99Gohan
@dominicVEMP,GREG ISENBERG,@gregisenberg
@dominicVEMP,Quantum DAO,@QuantumDAO_io
@dominicVEMP,StΞfan,@CryptoStefan
@dominicVEMP,Pentos Ventures,@PentosVentures
@dominicVEMP,Wazz,@WazzCrypto
@dominicVEMP,Connor Lovely,@RichhomieconE
@dominicVEMP,iamyesyouareno,@iamyesyouareno
@dominicVEMP,Rt Hon Steve Baker FRSA,@SteveBakerFRSA
@dominicVEMP,tradinglord,@tradinglord
@dominicVEMP,Defi_Dawg,@StillDefi99
@dominicVEMP,NFTfi Foundation,@NFTfiFoundation
@dominicVEMP,XO,@Trader_XO
@dominicVEMP,WIZZ ( beware scammers ),WIZZ
@dominicVEMP,( beware scammers ),@CryptoWizardd
@dominicVEMP,0xMo.eth,@MoEthWhale
@dominicVEMP,Reda,@Reda_IPC
@dominicVEMP,Contrarian Thinking Capital,@CTVentureCap
@dominicVEMP,stablecoin stuti,@stutireal
@dominicVEMP,Crypto Paradise,@xCryptoParadise
@dominicVEMP,.charlie.,@Czero_C
@Shibtoken,Shytoshi Kusama™,@ShytoshiKusama
@Shibtoken,Shibarium Network,@ShibariumNet
@Shibtoken,𝐋𝐔𝐂𝐈𝐄,@LucieSHIB
@Shibtoken,welly,@wellyfriends
@Shibtoken,ShibaSwapDEX,@ShibaSwapDEX
@Shibtoken,IIFA,@IIFA
@Shibtoken,Neiro On Ethereum,@NeiroOnEthereum
@Shibtoken,Pulse Digital,@CryptoPulse9
@Shibtoken,RagnarShib.eth,@RagnarShiba
@Shibtoken,Xanders Shib,@ShibaXanders
@Shibtoken,defi turtle,@0xdefiturtle
@Shibtoken,LTD TOKEN,@theLTDtoken
@Shibtoken,Neo Research,@NeoResearch0
@Shibtoken,Bad Idea AI,@badideaai
@Shibtoken,Mr. Lightspeed,@Mr_Lightspeed
@Shibtoken,Marcie Jastrow,@marciejastrow
@Shibtoken,Buzz.Shib | Shibarium,@buzzdefi0x
@Shibtoken,K9 Finance DAO,@K9finance
@Shibtoken,Treat,@treatsforShib
@Shibtoken,THE SHEBOSHIS,@sheboshis
@Shibtoken,THE SHIBOSHIS,@shiboshisworld
@Shibtoken,The Shib,@TheShibmagazine
@Shibtoken,Kaal,@kaaldhairya
@Shibtoken,Shib - The Metaverse,@mvshib
@Shibtoken,Shiba Eternity™,@shibaeternity
@Shibtoken,Ryoshi,@RyoshiResearch
@NeoRivera2,Russell Armand,@Saitamaguru1
@NeoRivera2,Mkay SaitaChain,@mannythehitman
@NeoRivera2,SaitaChain,@SaitaChainCoin
@NeoRivera2,ElonMansur,@ElonMansur_STC
@NeoRivera2,Dubai SaitaChain,@SaitaChainDubai
@NeoRivera2,GABE KLEIN,@kleingabriel
@NeoRivera2,AJ,@ajcartel_17
@NeoRivera2,SaitaSwap,@Saita_Swap
@NeoRivera2,CryptoGabriel,@cryptogabri3l
@NeoRivera2,Nam Tran,@Ntran1234
@NeoRivera2,Saitama Kingdom,@SaitamaKingdom_
@NeoRivera2,Shaka Tha God,@ShakaThaGod
@NeoRivera2,Mrs. Saitama / Mrs. SaitaChain,@MrsSaitama
@NeoRivera2,Darren,@english_foolery
@NeoRivera2,HTN,@CryptoServidora
@NeoRivera2,Crypto Alert,@cryptoal3rt
@NeoRivera2,#VZZN CORPORATION #VZZNTOKEN,@VZZNBUILDER1
@NeoRivera2,Chewy The Comeback Story. Finding my $ikigai,@chewyhwy211
@NeoRivera2,Sikwitit,@SikWitIt562
@NeoRivera2,Karnn Bhandarii,@karanbhandari10
@NeoRivera2,Countycrypto,@CountyCrypto707
@NeoRivera2,SAITAMA (SOL),@saitama_on_sol
@NeoRivera2,BBBolty,@BBBolty
@NeoRivera2,Rahul Rohit Parikh kingdom,Rahul Rohit Parikh
@NeoRivera2,kingdom,@rahulparikh94
@NeoRivera2,POWELLY,@MPowelly02
@NeoRivera2,OKX Wallet,@okxweb3
@NeoRivera2,Farid Khan,@_FaridKhan
@NeoRivera2,STCBurn Token (STCB) - We Burn SaitaChain Coin,@SaitaChain_Burn
@NeoRivera2,Sans,@kekkiat
@NeoRivera2,Am. Nothing I post is financial advice.,@AR92452
@NeoRivera2,Reezy,@2xLoyalReezy
@NeoRivera2,DonLeon,@DonLHarvey3
@NeoRivera2,KV⁷,@JoeKreev
@NeoRivera2,STCB #1 Fan (Huge #STC Supporter),STCB #1 Fan
@NeoRivera2,(Huge #STC Supporter),@StcStcb
@NeoRivera2,Clown World,@ShutuppNo1Cares
@NeoRivera2,Jon Williams,@willsfmhit
@NeoRivera2,Stankooo,@Stankoooz
@NeoRivera2,CryptoAwie,@Awie09305
@NeoRivera2,Noah Gates,@noahlgates13
@NeoRivera2,crypto 777,@bsmyth777
@NeoRivera2,sharonbl9,@sharonblit9
@NeoRivera2,Pickle Saitachain Kingdom,@SaitaPickle
@NeoRivera2,Wash&Zoe ∞,@WashZoe
@NeoRivera2,Wajeed Syed,@Wajeedgem
@NeoRivera2,Kingdom Bea2ooth Beats,@Bea2oothBeats
@NeoRivera2,Luis Martin,@LuisMar92422765
@NeoRivera2,Anmol Singh,@thisisanmol
@NeoRivera2,Craig Davidson,@craigdavidson74
@NeoRivera2,Saita Hodler,@saita_hodler
@NeoRivera2,Hassan Ekraminiya,@ekraminiya
@NeoRivera2,André Twate,@AndreTwate
@NeoRivera2,Sopulu Umeobi,@Sopuluumeobi
@NeoRivera2,wolf king,@kingSaitachain
@NeoRivera2,Pascal Bofinger,@PascalBofinger
@NeoRivera2,jojo,@jamm_crypto
@NeoRivera2,Jeffro,@jethrocrypto47
@NeoRivera2,Stevo,@StevoSTC1
@NeoRivera2,SaitaChain Merchandise,@SaitaMerch
@NeoRivera2,Artem,@Rolo_d0me
@NeoRivera2,X Bridge,@XBridge_
@NeoRivera2,STC.hodler {kingdom},@cryptosanyo
@NeoRivera2,Arnauld Ouedra,@ArnauldOue77655
@NeoRivera2,magicman,@William56558111
@NeoRivera2,Rafi Rafi,@RafiRaf91961678
@NeoRivera2,Chris Ramsey,@Chris_Ramsey1
@NeoRivera2,muyiks,@muyiksmuyet
@NeoRivera2,TheFunnyMan,@amaliktweet
@NeoRivera2,Mk Crypto,@Mikkkivi
@wearecultdao,MrO.CULT,@MrOmodulus
@wearecultdao,MOON KING B-ROOTS,@iambroots
@wearecultdao,Ian Heinisch,@ianheinischmma
@wearecultdao,Artorias,@Artorias_eth
@wearecultdao,𝕳𝖔𝖑𝖑𝖞 𝕳𝖊𝖆𝖗𝖙,𝕳𝖔𝖑𝖑𝖞
@wearecultdao,𝕳𝖊𝖆𝖗𝖙,@holly__heart
@wearecultdao,🆃🅴🆃🆁.ton,🆃🅴🆃🆁
@wearecultdao,.ton,@TETRADeFi
@wearecultdao,Bubz,@cryptobubz
@wearecultdao,Rodney,@cryptojourneyrs
@wearecultdao,Revolt 2 Earn,@RevoltToEarn
@wearecultdao,StillCoSDAO,@SCRPTX_
@wearecultdao,The Rug Game,@theruggame
@wearecultdao,VEMP Horizon,@VEMPHorizon
@wearecultdao,MrCultmander.cult,@Cultmander76
@wearecultdao,Harry,@hvrry0x
@wearecultdao,Dominic Ryder | POD,@dominicVEMP
@wearecultdao,ZK,@ZKTheReal
@wearecultdao,Mr. Preach,@LittleManPower
@wearecultdao,sonsofcrypto ⟠,@sonsofcryptolab
@wearecultdao,Steve0shi,@Steve0shi
@wearecultdao,Whitty,@JdWhitty
@wearecultdao,WalletPort,@WalletPort
@wearecultdao,LibertAI,@Libertai_DAI
@wearecultdao,Hikari.Cult 33,Hikari.Cult
@wearecultdao,33,@hikari_oshi
@wearecultdao,Chonky,@Mr_Chonky
@wearecultdao,Earthling.web3,@earthlingweb3
@wearecultdao,CULTtheBRAND,@CULTtheBRAND
@wearecultdao,Harrybo-rg.cult,@harrybo_rg
@wearecultdao,CultPunks,@cultpunksnfts
@wearecultdao,VALERIE,@valeriesocials
@wearecultdao,StableUnit,@stableunitdao
@wearecultdao,0X_Jester ᛤ,0X_Jester
@wearecultdao,ᛤ,@0x_jester
@wearecultdao,"0xJoshua.eth (,)",@0xJoshuaSL
@wearecultdao,Modulus,@ModulusZK
@wearecultdao,Rep3,@rep3gg
@wearecultdao,Forgd,@Forgd_
@wearecultdao,Arthur Hayes,@CryptoHayes
@wearecultdao,BitMEX,@BitMEX
@wearecultdao,Origami: The scalable DAO operating system,@jointheorigami
@wearecultdao,Karri Kampfire,@MadMaxTraderBoy
@wearecultdao,DragonBallTrader,@MaxiTraderr
@wearecultdao,Bull Run Boys,@unreelinvest
@wearecultdao,Derrick Broze,@DBrozeLiveFree
@wearecultdao,卄𝖊𝖑𝖑𝖈𝖆𝖙 ߙ𝖍𝖊 Ⴝ𝖆𝖛𝖆𝖌𝖊,@LordHellcat_
@wearecultdao,Carlton Bags,@CarltonBags
@wearecultdao,WoofWork.io ($WOOF),@woof_work
@wearecultdao,M E S S I E R | M87,@MessierM87
@wearecultdao,MERP,@MERP40400977
@wearecultdao,𝔊𝔯𝔞𝔳𝔞𝔫𝔬,@Bullrun_Gravano
@wearecultdao,"DoinGud ( :D , :D )",@DoinGudHQ
@wearecultdao,GEM HUNTER,@TrueGemHunter
@wearecultdao,Gokhshtein,@gokhshtein
@wearecultdao,Shiv,@shivsakhuja
@wearecultdao,toad,@MedicineToad
@wearecultdao,RachelOnchain.eth,@RachelOnchain
@wearecultdao,Crypto Chuanzhang,@chuanzhang55
@wearecultdao,Jul3s,@julesWISTA
@wearecultdao,Wistaverse,@wistaverse
@wearecultdao,CULTED,@willofthemany
@wearecultdao,CultDaoGod.eth,@CultDaoGod
@wearecultdao,Bastian | CULTDAO (pron. Cult/Culture),@bastian_cultdao
@wearecultdao,Amber Group,@ambergroup_io
@wearecultdao,"DIRTY BUBBLE MEDIA: GOOD LUCK, GOOD BYE.",@MikeBurgersburg
@wearecultdao,The Crypto GEMs,@CryptoGemsCom
@RealCrazyFight_,Floyd Mayweather,@FloydMayweather
@RealCrazyFight_,Stake.com,@Stake
@RealCrazyFight_,Makhachev Islam,@MAKHACHEVMMA
@RealCrazyFight_,Paulo Costa ( Borrachinha ),@BorrachinhaMMA
@RealCrazyFight_,#1 𝕏 Parody Account ✪,@NoPlugMedia
@RealCrazyFight_,Gang Hits,@GangHits
@RealCrazyFight_,Fight Page Beto,@ihybeto
@RealCrazyFight_,Bizzarre Side,@BizzarreSide
@RealCrazyFight_,Donald J. Trump,@realDonaldTrump
@RealCrazyFight_,Elon Musk,@elonmusk
@RealCrazyFight_,TURKI ALALSHIKH,@Turki_alalshikh
@RealCrazyFight_,Steiny,@realsteiny
@RealCrazyFight_,Megatron,@Megatron_ron
@RealCrazyFight_,Moe,@Yassuo
@RealCrazyFight_,weekdays,@weekdays
@RealCrazyFight_,BloodInBloodHound,@Bloodyhoundq50
@RealCrazyFight_,zombs,@wristlevel
@RealCrazyFight_,ANIMO STUDIOS,@animo
@RealCrazyFight_,Memo600,@SteveDriveMemo
@RealCrazyFight_,Andre S.O.G. Ward,@andreward
@RealCrazyFight_,VitalyTheGoat,@vitalyzdtv
@RealCrazyFight_,3MUCH,@stevedr4laflair
@RealCrazyFight_,MMA Orbit,@mma_orbit
@RealCrazyFight_,Sexyy Red,@SexyyRed314_
@RealCrazyFight_,FIGHTFLIX,@Fightflix_
@RealCrazyFight_,Daily Loud,@DailyLoud
@RealCrazyFight_,Daniel Cormier,@dc_mma
@RealCrazyFight_,ESPN,@espn
@RealCrazyFight_,MyBrothersKeeper2 OUT NOW,@TaySixO
@RealCrazyFight_,SportsCenter,@SportsCenter
@RealCrazyFight_,Idiots Caught In Camera,@IdiotsInCamera
@RealCrazyFight_,PrinceDreOrCallMeSoulja,@PrinceOBLOCKDre
@RealCrazyFight_,Second before disaster,@NeverteIImeodd
@RealCrazyFight_,Bruce Buffer,@brucebuffer
@RealCrazyFight_,FAZE RAIN,@FaZe_Rain
@RealCrazyFight_,DQ “WhoIsThat”,@dqfrmdao
@RealCrazyFight_,Luka Doncic,@luka7doncic
@RealCrazyFight_,#FreeWop,@KdFrmDaO
@RealCrazyFight_,Chosen,@OchoMunna
@RealCrazyFight_,Dbandzfrm64,@munnagangdbandz
@RealCrazyFight_,E.Roy,@OblockEDogg
@RealCrazyFight_,ESPN MMA,@espnmma
@RealCrazyFight_,Matchroom Boxing,@MatchroomBoxing
@RealCrazyFight_,ESPN Ringside,@ESPNRingside
@RealCrazyFight_,Dexerto,@Dexerto
@RealCrazyFight_,izi prime,@izi_prime
@RealCrazyFight_,Dan Bilzerian,@DanBilzerian
@RealCrazyFight_,CalebPlant,@SweetHandsPlant
@RealCrazyFight_,Crazy Clips,@crazyclipsonly
@IamIvanPicazo,Shib,@Shibtoken
@IamIvanPicazo,Shytoshi Kusama™,@ShytoshiKusama
@IamIvanPicazo,Xanders Shib,@ShibaXanders
@IamIvanPicazo,Shibarium Network,@ShibariumNet
@IamIvanPicazo,𝐋𝐔𝐂𝐈𝐄,@LucieSHIB
@IamIvanPicazo,RagnarShib.eth,@RagnarShiba
@IamIvanPicazo,Shib Dream * Shib Army News * Shib Army Social,@theshibdream
@IamIvanPicazo,Waggles Crypto Goods,@WagglesCG
@IamIvanPicazo,Shib Spain,@ShibSpain
@IamIvanPicazo,𝐋𝖆𝖉𝖞 𝐂𝖗𝖞𝖕𝖙𝖔,@ShibArmy_4Life
@IamIvanPicazo,Shib-write-her,@Ttello77
@IamIvanPicazo,vitalik.eth,@VitalikButerin
@IamIvanPicazo,Shiba Television,@ShibaTelevision
@IamIvanPicazo,$SHIB KNIGHT,@army_shiba
@IamIvanPicazo,Shibburn,@shibburn
@IamIvanPicazo,SHIB INFORMER,@ShibInformer
@IamIvanPicazo,welly,@wellyfriends
@IamIvanPicazo,Marcie Jastrow,@marciejastrow
@IamIvanPicazo,ShibaSwapDEX,@ShibaSwapDEX
@IamIvanPicazo,william_volk,@william_volk
@IamIvanPicazo,HTX,@HTX_Global
@IamIvanPicazo,Mario Nawfal,@MarioNawfal
@IamIvanPicazo,Being Based,@BeingBasedIO
@IamIvanPicazo,CRYPTO_MARS,@CryptoMars24
@IamIvanPicazo,Dr. Brian May,@DrBrianMay
@IamIvanPicazo,MoneyLord,@moneyl0rd
@IamIvanPicazo,Gate.io,@gate_io
@IamIvanPicazo,BitMart,@BitMartExchange
@IamIvanPicazo,EnzoFerrariETH,@Enzoferrari_eth
@IamIvanPicazo,Mr F,@BlockZeero
@IamIvanPicazo,Uncle Iroh $NEIRO,@UncleIroh_NEIRO
@IamIvanPicazo,Crypto.com,@cryptocom
@IamIvanPicazo,CoinMarketCap,@CoinMarketCap
@IamIvanPicazo,ETHToronto,@ETH_Toronto
@IamIvanPicazo,AI Alpha Wolf ( OG ),@AI_Alpha_Wolf
@IamIvanPicazo,Brothers Marketing,@BrotherMKT
@IamIvanPicazo,Whaler Talk (捕鲸者说),@whalertalk
@IamIvanPicazo,Whale Insider,@WhaleInsider
@IamIvanPicazo,notEezzy,@notEezzy
@IamIvanPicazo,Thiago Moura,@othiago_moura
@IamIvanPicazo,Wintermute,@wintermute_t
@IamIvanPicazo,Ripio,@RipioApp
@IamIvanPicazo,Ice,@WizdomWolf
@IamIvanPicazo,SIMON,@paul_3077
@IamIvanPicazo,Tolga Ozek,@tolgaozek
@IamIvanPicazo,Mr.Inc,@MRINC_CRYPTO
@IamIvanPicazo,ɢʀᴇʏ,@MostDefinitely6
@IamIvanPicazo,MOON KING B-ROOTS,@iambroots
@IamIvanPicazo,Ape Terminal,@apeterminal
@IamIvanPicazo,Bitget,@bitgetglobal
@IamIvanPicazo,DogeDesigner,@cb_doge
@IamIvanPicazo,DoctorDeFi,@DoctorDeFi
@IamIvanPicazo,OKX Wallet,@okxweb3
@IamIvanPicazo,NeiroWarrior,@NeiroWarrior
@IamIvanPicazo,Pulse Digital,@CryptoPulse9
@IamIvanPicazo,defi turtle,@0xdefiturtle
@IamIvanPicazo,Yona Gushiken,@yonashib
@IamIvanPicazo,Corrupt Fun,@CorruptFun
@IamIvanPicazo,Bybit,@Bybit_Official
@IamIvanPicazo,Neiro On Ethereum,@NeiroOnEthereum
@IamIvanPicazo,Neiroshi,@TheNeiroshi
@IamIvanPicazo,ShibWomen,@ShibWomen
@IamIvanPicazo,Old Horse,@old_horse08
@IamIvanPicazo,Digarch*shib | Shibarium is live,@Digarch
@IamIvanPicazo,KUROSHIBARMY JPN,@kuro_9696_9696
@IamIvanPicazo,Eth Demon,@the_eth_demon
@IamIvanPicazo,Crypto Hero,@CryptoHero22
@IamIvanPicazo,Crimson Creator Official,@CrimsonCreator2
@IamIvanPicazo,DexCheck AI,@DexCheck_io
@IamIvanPicazo,AIRian.,@air_airofficial
@cryptogabri3l,Mkay SaitaChain,@mannythehitman
@cryptogabri3l,SaitaChain,@SaitaChainCoin
@cryptogabri3l,ElonMansur,@ElonMansur_STC
@cryptogabri3l,Dubai SaitaChain,@SaitaChainDubai
@cryptogabri3l,GABE KLEIN,@kleingabriel
@cryptogabri3l,SaitaSwap,@Saita_Swap
@cryptogabri3l,kobe,@NeoRivera2
@cryptogabri3l,Nam Tran,@Ntran1234
@cryptogabri3l,Saitama Kingdom,@SaitamaKingdom_
@cryptogabri3l,Trill,@RWOTrilly
@cryptogabri3l,HTN,@CryptoServidora
@cryptogabri3l,Darren,@english_foolery
@cryptogabri3l,Karnn Bhandarii,@karanbhandari10
@cryptogabri3l,Crypto Alert,@cryptoal3rt
@cryptogabri3l,Sikwitit,@SikWitIt562
@cryptogabri3l,Mrs. Saitama / Mrs. SaitaChain,@MrsSaitama
@cryptogabri3l,Epay.me,@Epayme_uae
@cryptogabri3l,Rockit Crypto,@RockitCrypto
@cryptogabri3l,~ Spiggy ~,@Spigg1115
@cryptogabri3l,Decky SaitaKingdom,@CryptoIceCool
@cryptogabri3l,H.E. Justin Sun 孙宇晨(hiring),@justinsuntron
@cryptogabri3l,PAPA7,@papadamnseven
@cryptogabri3l,Phantom,@phantom
@cryptogabri3l,Wodeq Crypto,@wodeqqq
@cryptogabri3l,AJM,@AJ__912
@cryptogabri3l,MiaGia.eth,@miagia_eth
@cryptogabri3l,Albu (I Want It More Arc.),@albudaddy
@cryptogabri3l,Niczzy,@NiczzyETH
@cryptogabri3l,zerohedge,@zerohedge
@cryptogabri3l,a,@trenchmami
@cryptogabri3l,HiToxic0x,@HiToxic0x
@cryptogabri3l,profitier,@profitierr
@cryptogabri3l,jsttn,@jsttnhk
@cryptogabri3l,𝙷𝚎𝚛𝚘 𝚃𝚛𝚞𝚌𝚔,@hero_truck
@cryptogabri3l,Don,@doncaarbon
@cryptogabri3l,₿lessed,@blessed_mayor
@cryptogabri3l,Henok,@henokcrypto
@cryptogabri3l,Sarah,@sarah_talley_
@cryptogabri3l,DDG,@PontiacMadeDDG
@cryptogabri3l,$TADDY,@taddycto
@cryptogabri3l,wailer,@CryptoWailer
@cryptogabri3l,Digital Ronin Co,@DigitalRoninCo
@cryptogabri3l,Lemon Peppa,@Dirashi_
@cryptogabri3l,Kilo,@Kilo7meta
@cryptogabri3l,Aquiles,@aquileschavez99
@cryptogabri3l,Σ DJ.en,@thisisdjen
@cryptogabri3l,Scrim,@scrimnfa
@cryptogabri3l,Ze Crypto Lab,@zecryptolab
@cryptogabri3l,Crazy Clips,@crazyclipsonly
@cryptogabri3l,GOLDY,@thegoldycoin
@cryptogabri3l,Chefin,@Chefin100x
@cryptogabri3l,Tommy Thanh Bui,@tommythanhbui
@cryptogabri3l,mogger,@10piecedawg
@cryptogabri3l,Nigtardio,@Nigtardio69
@cryptogabri3l,Guden,@GudenSer
@cryptogabri3l,Doctor Roboto,@drrobotnik_aoc
@cryptogabri3l,RaMpAGe,@Rampage_Calls
@cryptogabri3l,JD Vance,@JDVance
@cryptogabri3l,MARMAR,@02Marmar
@cryptogabri3l,Jim Caviezel,@reallycaviezel
@cryptogabri3l,BLAIRE WHITE,@MsBlaireWhite
@cryptogabri3l,Dom Lucre | Breaker of Narratives,@dom_lucre
@cryptogabri3l,Blighted,@Toxicweasto
@cryptogabri3l,DORSIA,@DORSIA_SOL
@cryptogabri3l,V,@lillyvivvi
@cryptogabri3l,Scream,@Scream10x
@cryptogabri3l,Betman,@ImTheBetman
@cryptogabri3l,kev,@kbigg0586
@cryptogabri3l,rekmeporfavor,@rekmeporfavor
@Poe_Ether,Dōgen,@realdogen
@Poe_Ether,Eric Cryptoman,@EricCryptoman
@Poe_Ether,chirocryptø,@chirocrypto
@Poe_Ether,CryptoSkull ze last bull standing,@cryptoskullx
@Poe_Ether,MOON KING B-ROOTS,@iambroots
@Poe_Ether,Thor | Kirito,@Thorshammergems
@Poe_Ether,Jamie Kingston,@jamiekingston
@Poe_Ether,Cryptic_Maestro,@Cryptic_Maestro
@Poe_Ether,Caff,@ChadCaff
@Poe_Ether,𝐂𝐫𝐲𝐩𝐭𝐨 𝐅𝐮𝐧𝐝𝐚𝐦𝐞𝐧𝐭𝐚𝐥𝐬,@BlocksNThoughts
@Poe_Ether,Crypto Matt,@CryptoMatt87
@Poe_Ether,Trader Roshi,@AltMasterRoshi
@Poe_Ether,Gems of Ra,@GemsofRa
@Poe_Ether,CTM,@CryptoTalkMan
@Poe_Ether,Jamma Pelson,@jammathehamma1
@Poe_Ether,JΞNNINGS MAYNΞ,@whalenjennings
@Poe_Ether,Crypto Boss (CB),@Cryptoboss2000
@Poe_Ether,comet,@cometcalls
@Poe_Ether,pallet jacker 69,@palletjacker69
@Poe_Ether,Fitz - ϙ,@0xFitz
@Poe_Ether,PattyIce,@patty_fi
@Poe_Ether,Brozinker,@brozinkerbell
@Poe_Ether,Luke Martin,@VentureCoinist
@Poe_Ether,H.E. Justin Sun 孙宇晨(hiring),@justinsuntron
@Poe_Ether,6ix9ine,@6ix9ine
@Poe_Ether,Chintan Turakhia,@chintanturakhia
@Poe_Ether,Eric Trump,@EricTrump
@Poe_Ether,kira,@kirawontmiss
@Poe_Ether,mitch (rtrd/acc),@idrawline
@Poe_Ether,Brennan,@BrenzCrypto
@Poe_Ether,Ashitaka,@Ashitakacrypto
@Poe_Ether,Baddies of TikTok/ig,@TikTokBaddies
@Poe_Ether,The Market Memes,@themarketmemes
@Poe_Ether,ASIANMOM,@iloveasianmom
@Poe_Ether,Bill,@billthebearmeme
@Poe_Ether,Trump War Room,@TrumpWarRoom
@Poe_Ether,wbnns.base.eth,@wbnns
@Poe_Ether,Nature is Amazing,@AMAZlNGNATURE
@Poe_Ether,Rocky,@RockySolanaCoin
@Poe_Ether,Jack Booth,@jbfxdotme
@Poe_Ether,Brettbot,@brettbot_bot
@Poe_Ether,hoe_math,@ItIsHoeMath
@Poe_Ether,Ian | TipLink,@ArbVision
@Poe_Ether,173,@173views
@Poe_Ether,Dan Bilzerian,@DanBilzerian
@Poe_Ether,naiive,@naiivememe
@Poe_Ether,Noland Arbaugh,@ModdedQuad
@Poe_Ether,Rex,@InvestWithRex
@Poe_Ether,Jakey,@SolJakey
@Poe_Ether,Martin Shkreli,@MartinShkreli
@Poe_Ether,van00sa,@van00sa
@Poe_Ether,Clown World ™,@ClownWorld_
@Poe_Ether,Lil Pump,@lilpump
@Poe_Ether,Waka Flocka Flame,@WakaFlocka
@Poe_Ether,Nils,@nilsthedegen
@Poe_Ether,The Real World,@trwmain_
@Poe_Ether,shittylarper,@shittylarptist
@Poe_Ether,Maya,@mayanicks0x
@Poe_Ether,M Barbara,@Barbara_KVH
@Poe_Ether,IIIIII,@RIFonSOL
@Poe_Ether,eye zen hour,@eyezenhour
@Poe_Ether,Gary Cardone,@GaryCardone
@Poe_Ether,Kakz,@_ck007
@Poe_Ether,Donald Trump Jr.,@DonaldJTrumpJr
@Poe_Ether,Caitlyn Jenner,@Caitlyn_Jenner
@Poe_Ether,Soulja Boy (Draco),@souljaboy
@Poe_Ether,Jess,@CryptoNCoffeee
@Poe_Ether,IGGY AZALEA,@IGGYAZALEA
@jammathehamma1,Eric Cryptoman,@EricCryptoman
@jammathehamma1,CryptoSkull ze last bull standing,@cryptoskullx
@jammathehamma1,chirocryptø,@chirocrypto
@jammathehamma1,Dōgen,@realdogen
@jammathehamma1,MOON KING B-ROOTS,@iambroots
@jammathehamma1,𝐂𝐫𝐲𝐩𝐭𝐨 𝐅𝐮𝐧𝐝𝐚𝐦𝐞𝐧𝐭𝐚𝐥𝐬,@BlocksNThoughts
@jammathehamma1,POΞ,@Poe_Ether
@jammathehamma1,Thor | Kirito,@Thorshammergems
@jammathehamma1,Caff,@ChadCaff
@jammathehamma1,pallet jacker 69,@palletjacker69
@jammathehamma1,Crypto Matt,@CryptoMatt87
@jammathehamma1,Aeon,@Crypto_Aeon7
@jammathehamma1,Ξy It’s ₿LōSHI,@ey_pablo
@jammathehamma1,Ben Buckwalter,@BenBuckwalter
@jammathehamma1,ALΞX,@CrossChainAlex
@jammathehamma1,Fitz - ϙ,@0xFitz
@jammathehamma1,NZtrader369,@ztrader369
@jammathehamma1,Trader Roshi,@AltMasterRoshi
@jammathehamma1,CTM,@CryptoTalkMan
@jammathehamma1,Noodles,@criptopaul
@jammathehamma1,dubzy,@dubzyxbt
@jammathehamma1,Kruger - T.M,@defidoan
@jammathehamma1,J.,@james_amethyst
@jammathehamma1,Icy ∞,@TailofIcy
@jammathehamma1,Čhenž_Ťradeš,@V2Chenz
@jammathehamma1,StableUnit,@stableunitdao
@jammathehamma1,CAPT. PARA8OLIC TOBLERONE,@CaptToblerone
@jammathehamma1,Jamma Pelson,@JammaPelson1
@jammathehamma1,MILC Media Metaverse,@MILCplatform
@jammathehamma1,Daffy.,@Daffy53Duck
@jammathehamma1,"Robert W Malone, MD",@RWMaloneMD
@jammathehamma1,Ø𝗗,@No1Hodler
@jammathehamma1,$SHIB KNIGHT,@army_shiba
@jammathehamma1,Limitless,@LimitlessXBT
@jammathehamma1,Sean,@seandwain1
@jammathehamma1,Session,@session_app
@jammathehamma1,BANKRUN,@THE_BANKRUN
@jammathehamma1,Crypto $car,@crypto_scar
@jammathehamma1,Dr. Simone Gold,@drsimonegold
@jammathehamma1,Under The Radar,@Under__Radar
@jammathehamma1,Andrew Kang,@Rewkang
@jammathehamma1,STILL K.A.P.O,@KAPOTHEGOAT01
@jammathehamma1,Miles,@JohalMiles
@jammathehamma1,Giba | Kingdom X100,@giba_machado
@jammathehamma1,Defi_Mochi,@defi_mochi
@jammathehamma1,CLOR,@Cloroshi
@jammathehamma1,JT,@JTheretohelp1
@jammathehamma1,Cæsar,@PARABOLIT
@jammathehamma1,Shytoshi Kusama™,@ShytoshiKusama
@jammathehamma1,AnnaGems,@CryptoGirlAnna
@jammathehamma1,jaa₿ronie $SANI,@iwasfdup
@jammathehamma1,tehMoonwalkeR,@tehMoonwalkeR
@jammathehamma1,dave the wave,@davthewave
@jammathehamma1,comet,@cometcalls
@jammathehamma1,CrediBULL Crypto,@CredibleCrypto
@jammathehamma1,𝐂𝐑𝐘𝐏𝐓𝐎 𝐀𝐋𝐔𝐂𝐀𝐑𝐃 🆃🅷🆁🅴🅳🆁,@SebastianWols17
@jammathehamma1,David Hunter,@DaveHcontrarian
@jammathehamma1,Tristan Tate,@TateTheTalisman
@jammathehamma1,BillTheBull.base.eth,@TheCryptoDweeb8
@jammathehamma1,Pure8,@Pure8Nature
@jammathehamma1,TechDev,@TechDev_52
@jammathehamma1,Igor Bogdanoff,@IgorIsBogdanoff
@jammathehamma1,The Dev,@HeyItsMeTheDev
@jammathehamma1,Elysium Blockchain,@Elysium_VF
@jammathehamma1,FoodFarmer,@rektfoodfarmer
@CryptoMatt87,Dōgen,@realdogen
@CryptoMatt87,Eric Cryptoman,@EricCryptoman
@CryptoMatt87,chirocryptø,@chirocrypto
@CryptoMatt87,CryptoSkull ze last bull standing,@cryptoskullx
@CryptoMatt87,MOON KING B-ROOTS,@iambroots
@CryptoMatt87,Thor | Kirito,@Thorshammergems
@CryptoMatt87,POΞ,@Poe_Ether
@CryptoMatt87,𝐂𝐫𝐲𝐩𝐭𝐨 𝐅𝐮𝐧𝐝𝐚𝐦𝐞𝐧𝐭𝐚𝐥𝐬,@BlocksNThoughts
@CryptoMatt87,Jamie Kingston,@jamiekingston
@CryptoMatt87,Caff,@ChadCaff
@CryptoMatt87,Cryptic_Maestro,@Cryptic_Maestro
@CryptoMatt87,Aeon,@Crypto_Aeon7
@CryptoMatt87,ALΞX,@CrossChainAlex
@CryptoMatt87,Ben Buckwalter,@BenBuckwalter
@CryptoMatt87,JasonCryptoApe ,@JasonCryptoFTW
@CryptoMatt87,Jamma Pelson,@jammathehamma1
@CryptoMatt87,Gems of Ra,@GemsofRa
@CryptoMatt87,RoyalChad,@zee_maker
@CryptoMatt87,Trader Roshi,@AltMasterRoshi
@CryptoMatt87,Crypto Boss (CB),@Cryptoboss2000
@CryptoMatt87,Polygon Dog | $POLYD,@PolygonDogCoin
@CryptoMatt87,$Drip,@Dripcto
@CryptoMatt87,Davidtoshi Takamoto,@0xDavidtoshi
@CryptoMatt87,KING┃0305.eth,@KingOnEth
@CryptoMatt87,SUNBURN | First Deflationary Coin on TRON,@SunburnTron_X
@CryptoMatt87,ETHEREUM IS GOOD,@Ethereumisgood_
@CryptoMatt87,SUNPUP,@SUNPUP_TRX
@CryptoMatt87,JustinSunXiPooh17Inu,@JSXP17I
@CryptoMatt87,Donald Tronp,@Donaldtronp_trx
@CryptoMatt87,Diamond Hands,@arthurerctoken
@CryptoMatt87,Shill Matic,@Shill_Matic1
@CryptoMatt87,YORI,@yoricointrx
@CryptoMatt87,0xSun,@0xSunNFT
@CryptoMatt87,NVIDIA,@Nvidiatron
@CryptoMatt87,TronLink,@TronLinkWallet
@CryptoMatt87,SunPump,@sunpumpmeme
@CryptoMatt87,HYPEBEAST,@HYPEBEAST
@CryptoMatt87,VGN,@anotherVGN
@CryptoMatt87,Oobie,@oobietricee
@CryptoMatt87,"Gorilla Capital (,)",@gorillacapsol
@CryptoMatt87,NOCTA,@OfficialNocta
@CryptoMatt87,CoCo,@blacksmithcoco
@CryptoMatt87,Jonny,@JonnyApes
@CryptoMatt87,Yogurt,@yogurt_eth
@CryptoMatt87,SD,@bougie_sd
@CryptoMatt87,Yakuza,@YakuzaInCrypto
@CryptoMatt87,BOSSIE,@bossiethetroll
@CryptoMatt87,wrld,@wrld_sol
@CryptoMatt87,Cule,@Crypt0Cule
@CryptoMatt87,BTW,@btwoonsol
@CryptoMatt87,Nature is Amazing,@AMAZlNGNATURE
@CryptoMatt87,Derp Solana,@Sol_derp
@CryptoMatt87,Have Fun Staying Poor,@HfspOnX
@CryptoMatt87,Moneta Finance,@Moneta_Fi
@CryptoMatt87,The Arena,@thearenatrade
@CryptoMatt87,Rocky,@RockySolanaCoin
@CryptoMatt87,Wintermute,@wintermute_t
@CryptoMatt87,CART Target Solana,@TargetCart_SOL_
@CryptoMatt87,Ashtoshii,@ashtoshii
@CryptoMatt87,Vitaly,@xyzvitaly
@CryptoMatt87,Zack Morris,@MrZackMorris
@CryptoMatt87,CatFrogDogShark2002HondaCivicUnicornInu,@CatFrogDogShark
@CryptoMatt87,Michael,@0xBEMichael
@CryptoMatt87,gerald broflovski,@skankhuntt_42
@CryptoMatt87,PAVEWAY CRYPTO,@WillGonzalez22
@CryptoMatt87,Billion Dollar Token,@BDTErcToken
@CryptoMatt87,RENZO,@renzofks
@CryptoMatt87,kitty,@0xkitty69
@CryptoMatt87,Jeffry,@JeffryOnX
@SaitaChainCoin,Russell Armand,@Saitamaguru1
@SaitaChainCoin,Mkay SaitaChain,@mannythehitman
@SaitaChainCoin,ElonMansur,@ElonMansur_STC
@SaitaChainCoin,Dubai SaitaChain,@SaitaChainDubai
@SaitaChainCoin,GABE KLEIN,@kleingabriel
@SaitaChainCoin,SaitaSwap,@Saita_Swap
@SaitaChainCoin,Nam Tran,@Ntran1234
@SaitaChainCoin,Saitama Kingdom,@SaitamaKingdom_
@SaitaChainCoin,AJ,@ajcartel_17
@SaitaChainCoin,Mrs. Saitama / Mrs. SaitaChain,@MrsSaitama
@SaitaChainCoin,CryptoGabriel,@cryptogabri3l
@SaitaChainCoin,kobe,@NeoRivera2
@SaitaChainCoin,#VZZN CORPORATION #VZZNTOKEN,@VZZNBUILDER1
@SaitaChainCoin,HTN,@CryptoServidora
@SaitaChainCoin,Crypto Alert,@cryptoal3rt
@SaitaChainCoin,Darren,@english_foolery
@SaitaChainCoin,Epay.me,@Epayme_uae
@SaitaChainCoin,Karnn Bhandarii,@karanbhandari10
@SaitaChainCoin,Chewy The Comeback Story. Finding my $ikigai,@chewyhwy211
@SaitaChainCoin,CryptoDamon,@CryptoDamon_
@SaitaChainCoin,GeckoTerminal,@GeckoTerminal
@SaitaChainCoin,CoinDCX: India's Safest Crypto Platform,@CoinDCX
@SaitaChainCoin,CoinMarketCap,@CoinMarketCap
@SaitaChainCoin,Binance VIP & Institutional,@BinanceVIP
@SaitaChainCoin,₿en Todar,@BenTodar
@SaitaChainCoin,Kenny Le,@KennyLe1227963
@SaitaChainCoin,Cody Campbell,@CodyCampbe16881
@SaitaChainCoin,Diamond Crypto Lover,@DanofSteel4
@SaitaChainCoin,Anand Sinha,@anandsinha095
@SaitaChainCoin,POWELLY,@MPowelly02
@SaitaChainCoin,Elitsa Krumova,@Eli_Krumova
@SaitaChainCoin,Astro_Saitachain,@AstroSaitachain
@SaitaChainCoin,YoungPimpESC,@ej0024Kingdom
@SaitaChainCoin,Abdelkader Moulay Meliani,@kaderdzx
@SaitaChainCoin,Pro SBC Kingdom,@ProsIgup
@SaitaChainCoin,Ayoub,@ayoubcrypto
@SaitaChainCoin,Saita Chain kingdom,@Hadihoseiniii
@SaitaChainCoin,Gabe,@gabe89565607
@SaitaChainCoin,Jen the Queen.stc,Jen the Queen
@SaitaChainCoin,.stc,@jbars95
@SaitaChainCoin,Siuchuzai.x,@Siuchuzai
@SaitaChainCoin,Ehsan Aghayari,@EhsanAghayarii
@SaitaChainCoin,Jacky Opeña,@JackyOpena
@SaitaChainCoin,Mukesh Gehlot,@gehlotmukesh532
@SaitaChainCoin,Thomas,@ThomasAZ88
@SaitaChainCoin,Paris Blockchain Week,@ParisBlockWeek
@SaitaChainCoin,"Adrian Zduńczyk, CMT",@crypto_birb
@SaitaChainCoin,Hexn.io,@hexn_io
@SaitaChainCoin,Mist3rSuccess9,@mist3rsuccess9
@SaitaChainCoin,buckmoon,@buckm34
@SaitaChainCoin,Neil Mistry,@singtomebebey
@SaitaChainCoin,Rahul Rohit Parikh kingdom,Rahul Rohit Parikh
@SaitaChainCoin,kingdom,@rahulparikh94
@SaitaChainCoin,X Bridge,@XBridge_
@SaitaChainCoin,Mustafa,@yaweluck1
@SaitaChainCoin,Relax Crypto Kingdom,@Relax01332148
@SaitaChainCoin,Markmywordz,@markswordz
@SaitaChainCoin,Mr. Who,@mullins4chile
@SaitaChainCoin,Crypto Solutions,@creptosolutions
@SaitaChainCoin,Douly370,@Douly370
@SaitaChainCoin,CSP SBC24STC Kingdom,CSP SBC24
@SaitaChainCoin,STC Kingdom,@auraalexandra16
@SaitaChainCoin,عدّول,@AD90el
@SaitaChainCoin,33 HTX,33
@SaitaChainCoin,HTX,@XandiHTX
@SaitaChainCoin,Saita_Baconco,@Marco60866174
@SaitaChainCoin,Ra Xa,@Raza0fficia
@SaitaChainCoin,Austin,@Austin57080682
@SaitaChainCoin,BlockchainCowboy#SaitaChain,@saitaxtg91
@SaitaChainCoin,Rockit Crypto,@RockitCrypto
@SaitaChainCoin,CoinGecko,@coingecko
@SaitaChainCoin,Immutable Money,@immutablemoney
@SaitaChainCoin,SaitaChain808,@coleman1432
@holly__heart,MrO.CULT,@MrOmodulus
@holly__heart,Cult.DAO,@wearecultdao
@holly__heart,Bubz,@cryptobubz
@holly__heart,Artorias,@Artorias_eth
@holly__heart,🆃🅴🆃🆁.ton,@TETRADeFi
@holly__heart,JAKE,@JakeGagain
@holly__heart,MOON KING B-ROOTS,@iambroots
@holly__heart,مْحَمْوُدْ• CULT DAO,@Cryptodous
@holly__heart,Harry,@hvrry0x
@holly__heart,MrCultmander.cult,@Cultmander76
@holly__heart,StillCoSDAO,@SCRPTX_
@holly__heart,Beefy,@B3efy22
@holly__heart,Marcults,@Marcults_
@holly__heart,KaRipDough,@KaRipDough
@holly__heart,𝕊𝕙𝕦𝕘𝕘𝕪𝟘𝕤𝕙𝕚,@shuggy0shi
@holly__heart,bmade .cult,bmade
@holly__heart,.cult,@bmadecult
@holly__heart,𝓛𝓾𝓬𝓸𝓵𝓵𝔂 𐌂𐌵𐌋𐌕 / 𐌂𐌵𐌋𐌕𐌵𐌓𐌄,@Lucolly888
@holly__heart,Revolt 2 Earn,@RevoltToEarn
@holly__heart,Wonder,@just_wonder1
@holly__heart,"Vici ( τ , ϙ )",@vici_trades
@holly__heart,DOC,@docbytrade
@holly__heart,𝓹𝓾𝓫𝓵𝓲𝔁,@publixplays
@holly__heart,Procreator,@ProcreatorG
@holly__heart,schizofren.alph,@dissident42069
@holly__heart,Hope,@hopeworkshard
@holly__heart,T Sips.Sol,@TSipsSol
@holly__heart,IshortMemes,@KyleBands1
@holly__heart,qunzter,@qunzter
@holly__heart,Drink your Milk,@RaiderSol008
@holly__heart,IT4I ᵍᵐ,@0xIT4I
@holly__heart,᲼,@0xUmbreon
@holly__heart,ABSURD1TY,@ABSURD1TYx
@holly__heart,Psycho,@AltcoinPsycho
@holly__heart,Adam Cochran (adamscochran.eth),@adamscochran
@holly__heart,Fuack | Bronzaga,@Bronzagaa
@holly__heart,𝑺𝑺,@SERIALSHILLER__
@holly__heart,Airdrop-Farmer,@ShraddhaL49
@holly__heart,Flying Captn. Corrigan (bottom arc),@value_enjoyoor
@holly__heart,Amorico,@_amorico_
@holly__heart,unknwn.,@unknwn0x
@holly__heart,Shadow,@_Shadow36
@holly__heart,fomo,@28Praxis
@holly__heart,BURNT,@0xBurnt
@holly__heart,𝓬𝓱𝓲✧ｃｈａｎ,@chinsuko_chan
@holly__heart,Will Snitch,@willsnitch
@holly__heart,Vik,@vikmny
@holly__heart,brainlet,@brainletCTO
@holly__heart,RFK Jr Podcast,@RFKJRpodcast
@holly__heart,Teej,@Bitcoin_Teej
@holly__heart,Crypto_Magnolia,@Crypto_Bishuke
@holly__heart,Ethereum Damien (WIF Maxi),@0xDamien
@holly__heart,Theo Von,@TheoVon
@holly__heart,CryptoCraze,@CrazeCrypto00
@holly__heart,Culture Critic,@Culture_Crit
@holly__heart,Megan,@takhidoussete
@holly__heart,Houdini,@houdiniquant
@holly__heart,ちぃたん☆／Chiitan,@chiitan7407
@holly__heart,monto.sol,@MontoDeFi
@holly__heart,CRYPTO NABI,@Shubidubby
@holly__heart,soby is on xai,@soby0x
@holly__heart,HB,@HB_RISING
@holly__heart,Donald J. Trump,@realDonaldTrump
@holly__heart,Gforce07 (degod mode),@Gforce_07
@holly__heart,Dr Regan M. Gallagher,@dr_regan_g
@holly__heart,Shadow x Moon,@ShadowMoonCC
@holly__heart,Cryptic Mang,@Cryptic_Mang
@holly__heart,btcnft420,@btcnft420
@holly__heart,Brent aka Blacklion,@BlacklionCTA
@cryptoskullx,Eric Cryptoman,@EricCryptoman
@cryptoskullx,Dōgen,@realdogen
@cryptoskullx,chirocryptø,@chirocrypto
@cryptoskullx,MOON KING B-ROOTS,@iambroots
@cryptoskullx,POΞ,@Poe_Ether
@cryptoskullx,Thor | Kirito,@Thorshammergems
@cryptoskullx,Caff,@ChadCaff
@cryptoskullx,𝐂𝐫𝐲𝐩𝐭𝐨 𝐅𝐮𝐧𝐝𝐚𝐦𝐞𝐧𝐭𝐚𝐥𝐬,@BlocksNThoughts
@cryptoskullx,Jamie Kingston,@jamiekingston
@cryptoskullx,Ben Buckwalter,@BenBuckwalter
@cryptoskullx,Jamma Pelson,@jammathehamma1
@cryptoskullx,Crypto Matt,@CryptoMatt87
@cryptoskullx,ALΞX,@CrossChainAlex
@cryptoskullx,RoyalChad,@zee_maker
@cryptoskullx,JasonCryptoApe ,@JasonCryptoFTW
@cryptoskullx,Fitz - ϙ,@0xFitz
@cryptoskullx,Noodles,@criptopaul
@cryptoskullx,pallet jacker 69,@palletjacker69
@cryptoskullx,CTM,@CryptoTalkMan
@cryptoskullx,Ξy It’s ₿LōSHI,@ey_pablo
@cryptoskullx,BADMAD ROBOTS,@badmadrobots
@cryptoskullx,BingX,@BingXOfficial
@cryptoskullx,Alpha Bunny,@magneetO9
@cryptoskullx,zerohedge,@zerohedge
@cryptoskullx,Guinness World Records,@GWR
@cryptoskullx,Johns Charts,@johnscharts
@cryptoskullx,Richard Gilfolye,@RichardGilfolye
@cryptoskullx,Shimmer,@shimmernet
@cryptoskullx,Radar,@RadarHits
@cryptoskullx,Donald J. Trump,@realDonaldTrump
@cryptoskullx,Tsutsuji - $TSUJI,@tsutsujicoinERC
@cryptoskullx,Ankr,@ankr
@cryptoskullx,"Arbitrum (,)",@arbitrum
@cryptoskullx,Gate.io,@gate_io
@cryptoskullx,DMAIL.AI,@Dmailofficial
@cryptoskullx,Artificial Superintelligence Alliance,@ASI_Alliance
@cryptoskullx,Bitcoin,@Bitcoin
@cryptoskullx,SUPERCHAD,@Superchad187
@cryptoskullx,1inch,@1inch
@cryptoskullx,Fitzy,@Fitzybrypto
@cryptoskullx,Georgi Kanev,@GoniDark
@cryptoskullx,Jim Cramer,@jimcramer
@cryptoskullx, ONEDAY ,@cryptooneday0x
@cryptoskullx,Crypto Lord,@Crypt_Lord04
@cryptoskullx,Cheesy,@cb1052
@cryptoskullx,Popes Holy Spam,@PopesSpam
@cryptoskullx,higher,@higheragain
@cryptoskullx,Poncho Pals - Sales Bot,@PonchoPalsBot
@cryptoskullx,Digi,@ItsDigi_NFT
@cryptoskullx,jesse.base.eth,@jessepollak
@cryptoskullx,Crypto Dudes,@cryptodudes69
@cryptoskullx,Base,@base
@cryptoskullx,KuCoin Mod,@KuCoinMod
@cryptoskullx,KuCoin Updates,@KuCoinUpdates
@cryptoskullx,Dexter,@dexaarZ1
@cryptoskullx,Bala,@BalaclavaETH
@cryptoskullx,Johnny,@CryptoGodJohn
@cryptoskullx,Ayda Trades,@CryptoAyda
@cryptoskullx,Sage (っ◕◡◕)っ,@sagexbabyx
@cryptoskullx,Banshee,@DefiBanshee
@cryptoskullx,Big Tasty,@eth1_fry
@cryptoskullx,Poncho on BASE,@ponchoBASE
@cryptoskullx,Sigma,@SigmaTradingBot
@cryptoskullx,Destra Network,@DestraNetwork
@cryptoskullx,Chain Swap,@chainswaperc
@cryptoskullx,Shuriken,@ShurikenTrade
@peruvian_bull,Ryan Cohen,@ryancohen
@peruvian_bull,Dave Lauer,@dlauer
@peruvian_bull,Susanne Trimbath PhD,@SusanneTrimbath
@peruvian_bull,GMEdd.com,@GMEdd
@peruvian_bull,LightningWarrior,@LightninWarrior
@peruvian_bull,Rensole,@rensole
@peruvian_bull,Roaring Kitty,@TheRoaringKitty
@peruvian_bull,₿en Wehrman,@benwehrman
@peruvian_bull,Miller,@Millertime1216a
@peruvian_bull,Badasstrader,@BadassTrader69
@peruvian_bull,Wooch,@itswooch
@peruvian_bull,Walrus Farts,@WalrusFarts69
@peruvian_bull,Diamondape69,@diamondape69
@ElonGoatToken,JAKE,@JakeGagain
@ElonGoatToken,Ian Heinisch,@ianheinischmma
@ElonGoatToken,MOON KING B-ROOTS,@iambroots
@ElonGoatToken,Volt Inu,@VoltInuOfficial
@ElonGoatToken,PabloCRO,@Pablo_cro
@ElonGoatToken,Proof Of Memes - POM,@Proof_Of_Memes
@ElonGoatToken,Rodney,@cryptojourneyrs
@ElonGoatToken,Dōgen,@realdogen
@ElonGoatToken,Voltedranger,@voltedranger
@ElonGoatToken,comet,@cometcalls
@ElonGoatToken,Elon Musk (Parody),@ElonMuskPD
@ElonGoatToken,Henok,@henokcrypto
@ElonGoatToken,Power Wright,@TheGen35
@ShakaThaGod,Russell Armand,@Saitamaguru1
@ShakaThaGod,ElonMansur,@ElonMansur_STC
@ShakaThaGod,GABE KLEIN,@kleingabriel
@ShakaThaGod,SaitaSwap,@Saita_Swap
@ShakaThaGod,Saitama Kingdom,@SaitamaKingdom_
@ShakaThaGod,kobe,@NeoRivera2
@ShakaThaGod,Jeff,@CryptoOldFella
@ShakaThaGod,Mrs. Saitama / Mrs. SaitaChain,@MrsSaitama
@ShakaThaGod,#VZZN CORPORATION #VZZNTOKEN,@VZZNBUILDER1
@ShakaThaGod,HTN,@CryptoServidora
@ShakaThaGod,Darren,@english_foolery
@ShakaThaGod,Karnn Bhandarii,@karanbhandari10
@ShakaThaGod,CryptoDamon,@CryptoDamon_
@SaitaChainDubai,Mkay SaitaChain,@mannythehitman
@SaitaChainDubai,SaitaChain,@SaitaChainCoin
@SaitaChainDubai,ElonMansur,@ElonMansur_STC
@SaitaChainDubai,GABE KLEIN,@kleingabriel
@SaitaChainDubai,SaitaSwap,@Saita_Swap
@SaitaChainDubai,Nam Tran,@Ntran1234
@SaitaChainDubai,Saitama Kingdom,@SaitamaKingdom_
@SaitaChainDubai,CryptoGabriel,@cryptogabri3l
@SaitaChainDubai,HTN,@CryptoServidora
@SaitaChainDubai,kobe,@NeoRivera2
@SaitaChainDubai,Mrs. Saitama / Mrs. SaitaChain,@MrsSaitama
@SaitaChainDubai,Crypto Alert,@cryptoal3rt
@SaitaChainDubai,#VZZN CORPORATION #VZZNTOKEN,@VZZNBUILDER1
@CARNAGE_3000X,MOON KING B-ROOTS,@iambroots
@CARNAGE_3000X,Dōgen,@realdogen
@CARNAGE_3000X,Ian Heinisch,@ianheinischmma
@CARNAGE_3000X,Thor | Kirito,@Thorshammergems
@CARNAGE_3000X,chirocryptø,@chirocrypto
@CARNAGE_3000X,CryptoSkull ze last bull standing,CryptoSkull
@CARNAGE_3000X,ze last bull standing,@cryptoskullx
@CARNAGE_3000X,Jamie Kingston,@jamiekingston
@CARNAGE_3000X,POΞ,@Poe_Ether
@CARNAGE_3000X,Cryptic_Maestro,@Cryptic_Maestro
@CARNAGE_3000X,Gems of Ra,@GemsofRa
@CARNAGE_3000X,Aeon,@Crypto_Aeon7
@CARNAGE_3000X,JasonCryptoApe ,@JasonCryptoFTW
@CARNAGE_3000X,JΞNNINGS MAYNΞ,@whalenjennings
@CARNAGE_3000X,Crypto Matt,@CryptoMatt87
@CARNAGE_3000X,RoyalChad,@zee_maker
@CARNAGE_3000X,Trader Roshi,@AltMasterRoshi
@CARNAGE_3000X,Crypto Boss (CB),@Cryptoboss2000
@CARNAGE_3000X,Astral,@astral_eth_92
@CARNAGE_3000X,CTM,@CryptoTalkMan
@CARNAGE_3000X,Rush Hour,@rush_hour51
@CARNAGE_3000X,Scrim,@scrimnfa
@CARNAGE_3000X,May Crypto,@Maymytan
@CARNAGE_3000X,Global Crypto Association | GCA,@glbcryptoassoc
@CARNAGE_3000X,Bateman,@solanabateman
@CARNAGE_3000X,Brandon Salim,@brandonsalim
@CARNAGE_3000X,Kevin Susanto,@KevinSusanto
@CARNAGE_3000X,Numer0,@Numerooo0
@CARNAGE_3000X,SunPump,@sunpumpmeme
@CARNAGE_3000X,TRON DAO,@trondao
@CARNAGE_3000X,Ryan Reynolds,@VancityReynolds
@CARNAGE_3000X,Deadpool Inu,@deadpoolinuerc
@CARNAGE_3000X,zkLogan,@Logan_cmo
@CARNAGE_3000X,Heroic Shiba Saga,@Mari_erc20
@CARNAGE_3000X,woods.ai,@robw00ds
@CARNAGE_3000X,Bark Media,@barkmediax
@CARNAGE_3000X,Kabosu,@Kabosutokeneth
@CARNAGE_3000X,FUKU_ETH,@FUKU_ON_ETH
@CARNAGE_3000X,eye zen hour,@eyezenhour
@CARNAGE_3000X,tsutsuji,@tsutsujiERC20
@CARNAGE_3000X,🅖🅐🅡🅨 🅛🅔🅛🅐🅝🅓 The Bitcoin Boomer,@GaryLeland
@CARNAGE_3000X,AlphaDeployer.eth,@OxAlphadeployer
@CARNAGE_3000X,$Ethereum,@ethereumon_sol
@CARNAGE_3000X,GILBERT BURNS DURINHO,@GilbertDurinho
@CARNAGE_3000X,XclusiveETH,@XclusiveETH
@CARNAGE_3000X,Hunt the Dip,@HuntTheDipAI
@CARNAGE_3000X,BTC,@bullishtrumpERC
@CARNAGE_3000X,TOKEN2049,@token2049
@CARNAGE_3000X,Tremp Coin $TREMP,@tremperc20
@CARNAGE_3000X,Kermit,@0x_Kermit
@CARNAGE_3000X,bookofmattfurie,@bookofmattfurie
@CARNAGE_3000X,CRYPT 38,@CRYPT38
@CARNAGE_3000X,Noah,@Noahhweb3
@CARNAGE_3000X,$ANDEI,@ANDEICTO
@CARNAGE_3000X,Az,@Az_WhaleETH
@CARNAGE_3000X,MISTIK.v | NFG,@mistikvx
@CARNAGE_3000X,Ethy Whale,@ethywhale
@CARNAGE_3000X,Bleeves Crypto,@BleevesCrypto
@CARNAGE_3000X,Xxx pronسِكُس_كِتَاب شٕكَشْ,@Jonnykksi
@CARNAGE_3000X,yugu maxi,@degenyugu
@CARNAGE_3000X,Sheikh Khalid Al Rashid,@sheikgem
@CARNAGE_3000X,SHYROSHI,@SHYROSHIALPHA
@CARNAGE_3000X,USETH,@OfficialUSETH
@CARNAGE_3000X,EddieG,@double_down79
@CARNAGE_3000X,Sam Belfort,@morpheuswhale
@CARNAGE_3000X,Bullish,@TheBullishTradR
@CARNAGE_3000X,maxbidd,@lordmaxbid
@CARNAGE_3000X,adin,@adinross
@CARNAGE_3000X,Roaring Kitty,@TheRoaringKitty
@CARNAGE_3000X,Roaring Kitty $DFV,@DFVCoinErc20
@EricCryptoman,Dōgen,@realdogen
@EricCryptoman,CryptoSkull ze last bull standing,CryptoSkull
@EricCryptoman,ze last bull standing,@cryptoskullx
@EricCryptoman,chirocryptø,@chirocrypto
@EricCryptoman,MOON KING B-ROOTS,@iambroots
@EricCryptoman,POΞ,@Poe_Ether
@EricCryptoman,Thor | Kirito,@Thorshammergems
@EricCryptoman,Caff,@ChadCaff
@EricCryptoman,𝐂𝐫𝐲𝐩𝐭𝐨 𝐅𝐮𝐧𝐝𝐚𝐦𝐞𝐧𝐭𝐚𝐥𝐬,@BlocksNThoughts
@EricCryptoman,Jamie Kingston,@jamiekingston
@EricCryptoman,Aeon,@Crypto_Aeon7
@EricCryptoman,ALΞX,@CrossChainAlex
@EricCryptoman,Crypto Matt,@CryptoMatt87
@EricCryptoman,Jamma Pelson,@jammathehamma1
@EricCryptoman,JasonCryptoApe ,@JasonCryptoFTW
@EricCryptoman,Ben Buckwalter,@BenBuckwalter
@EricCryptoman,Noodles,@criptopaul
@EricCryptoman,RoyalChad,@zee_maker
@EricCryptoman,Trader Roshi,@AltMasterRoshi
@EricCryptoman,Gems of Ra,@GemsofRa
@EricCryptoman,JΞNNINGS MAYNΞ,@whalenjennings
@EricCryptoman,$paul CTO,@paulsolanacto
@EricCryptoman,Falcs,@0xFalcs
@EricCryptoman,Ethereumdog | $ETHDOG,@EthDogOnEth
@EricCryptoman,PepeTron,@TheRealPepeTron
@EricCryptoman,Four.Meme,@four_meme_
@EricCryptoman,SUNBURN | First Deflationary Coin on TRON,@SunburnTron_X
@EricCryptoman,Brozinker,@brozinkerbell
@EricCryptoman,sumfattytuna,@sumfattytuna
@EricCryptoman,Marcell,@MarcellxMarcell
@EricCryptoman,Doxxed Gem Club d/acc,@DoxxedChannel
@EricCryptoman,SunPump,@sunpumpmeme
@EricCryptoman,Troge,@Trogetron
@EricCryptoman,Fofar,@FofarTron
@EricCryptoman,SunWukong on TRX,@SunWukongOG
@EricCryptoman,Hank,@Hankusun
@EricCryptoman,Donald Tronp,@Donaldtronp_trx
@EricCryptoman,TieDan铁蛋,@TieDanCoin
@EricCryptoman,ZeitCrypto,@ZeitCrypto
@EricCryptoman,Yelo,@yelotree
@EricCryptoman,TRON DAO,@trondao
@EricCryptoman,SafeSun TRX $SFS,SafeSun
@EricCryptoman,TRX $SFS,@SafeSunTRON
@EricCryptoman,TronLink,@TronLinkWallet
@EricCryptoman,Dylan.Eth,@dylansdegens
@EricCryptoman,DEVHUB Platform | Powered by AI,@devhub_project
@EricCryptoman,6ix9ine,@6ix9ine
@EricCryptoman,Neiro On Ethereum,@NeiroOnEthereum
@EricCryptoman,Neiroshi,@TheNeiroshi
@EricCryptoman,KING ADVISORY & MARKETING,@KINGWAGYU_X
@EricCryptoman,Yawn,@yawnsworld
@EricCryptoman,HahaYes,@hahayesonsol
@EricCryptoman,Bagz (the real one),@bagzybagz1321
@EricCryptoman,babyneiro,@baby_neiro_coin
@EricCryptoman,Nachi,@alphawifhat
@EricCryptoman,qw,@QwQiao
@EricCryptoman,HTL-NL,@htltimor
@EricCryptoman,$TSUJI CTO,@cto_tsuji
@EricCryptoman,Professor,@Prof_math99
@EricCryptoman,"Alex (τ, ℚ)",@ALofurno_
@EricCryptoman,Altcoinist.com,@Altcoinist_com
@EricCryptoman,Sean O'Malley,@SugaSeanMMA
@EricCryptoman,tsutsuji,@tsutsujiERC20
@EricCryptoman,Bill,@billthebearmeme
@EricCryptoman,teamspacemesh,@teamspacemesh
@EricCryptoman,Nature is Amazing,@AMAZlNGNATURE
@EricCryptoman,Crazy Clips,@crazyclips_
@EricCryptoman,BONY,@JonnyBones
@EricCryptoman,Automatix,@automatix0123
